-- phpMyAdmin SQL Dump
-- version 5.2.0
-- https://www.phpmyadmin.net/
--
-- Host: localhost:3306
-- Generation Time: Apr 07, 2026 at 03:12 AM
-- Server version: 8.0.30
-- PHP Version: 8.3.20

SET SQL_MODE = "NO_AUTO_VALUE_ON_ZERO";
START TRANSACTION;
SET time_zone = "+00:00";


/*!40101 SET @OLD_CHARACTER_SET_CLIENT=@@CHARACTER_SET_CLIENT */;
/*!40101 SET @OLD_CHARACTER_SET_RESULTS=@@CHARACTER_SET_RESULTS */;
/*!40101 SET @OLD_COLLATION_CONNECTION=@@COLLATION_CONNECTION */;
/*!40101 SET NAMES utf8mb4 */;

--
-- Database: `profilingdp`
--

-- --------------------------------------------------------

--
-- Table structure for table `attendance_records`
--

CREATE TABLE `attendance_records` (
  `id` bigint UNSIGNED NOT NULL,
  `employee_profile_id` bigint UNSIGNED NOT NULL,
  `date` date NOT NULL,
  `present` tinyint(1) NOT NULL DEFAULT '1',
  `daily_rate` decimal(12,2) DEFAULT NULL,
  `employment_status_snapshot` varchar(255) COLLATE utf8mb4_unicode_ci DEFAULT NULL,
  `created_at` timestamp NULL DEFAULT NULL,
  `updated_at` timestamp NULL DEFAULT NULL
) ENGINE=InnoDB DEFAULT CHARSET=utf8mb4 COLLATE=utf8mb4_unicode_ci;

--
-- Dumping data for table `attendance_records`
--

INSERT INTO `attendance_records` (`id`, `employee_profile_id`, `date`, `present`, `daily_rate`, `employment_status_snapshot`, `created_at`, `updated_at`) VALUES
(1, 3, '2026-01-01', 1, '450.00', 'Casual', '2026-04-05 17:12:32', '2026-04-05 17:12:32'),
(2, 3, '2026-01-02', 1, '450.00', 'Casual', '2026-04-05 17:12:32', '2026-04-05 17:12:32'),
(3, 3, '2026-01-05', 1, '450.00', 'Casual', '2026-04-05 17:12:32', '2026-04-05 17:12:32'),
(4, 3, '2026-01-06', 1, '450.00', 'Casual', '2026-04-05 17:12:32', '2026-04-05 17:12:32'),
(5, 3, '2026-01-07', 1, '450.00', 'Casual', '2026-04-05 17:12:32', '2026-04-05 17:12:32'),
(6, 3, '2026-01-08', 1, '450.00', 'Casual', '2026-04-05 17:12:32', '2026-04-05 17:12:32'),
(7, 3, '2026-01-09', 1, '450.00', 'Casual', '2026-04-05 17:12:32', '2026-04-05 17:12:32'),
(8, 3, '2026-01-12', 1, '450.00', 'Casual', '2026-04-05 17:12:32', '2026-04-05 17:12:32'),
(9, 3, '2026-01-13', 1, '450.00', 'Casual', '2026-04-05 17:12:32', '2026-04-05 17:12:32'),
(10, 3, '2026-01-14', 1, '450.00', 'Casual', '2026-04-05 17:12:32', '2026-04-05 17:12:32'),
(11, 3, '2026-01-15', 1, '450.00', 'Casual', '2026-04-05 17:12:32', '2026-04-05 17:12:32'),
(12, 3, '2026-01-16', 1, '450.00', 'Casual', '2026-04-05 17:12:32', '2026-04-05 17:12:32'),
(13, 3, '2026-01-19', 1, '450.00', 'Casual', '2026-04-05 17:12:32', '2026-04-05 17:12:32'),
(14, 3, '2026-01-20', 1, '450.00', 'Casual', '2026-04-05 17:12:32', '2026-04-05 17:12:32'),
(15, 3, '2026-01-21', 1, '450.00', 'Casual', '2026-04-05 17:12:32', '2026-04-05 17:12:32'),
(16, 3, '2026-01-22', 1, '450.00', 'Casual', '2026-04-05 17:12:32', '2026-04-05 17:12:32'),
(17, 3, '2026-01-23', 1, '450.00', 'Casual', '2026-04-05 17:12:32', '2026-04-05 17:12:32'),
(18, 3, '2026-01-26', 1, '450.00', 'Casual', '2026-04-05 17:12:32', '2026-04-05 17:12:32'),
(19, 3, '2026-01-27', 1, '450.00', 'Casual', '2026-04-05 17:12:32', '2026-04-05 17:12:32'),
(20, 3, '2026-01-28', 1, '450.00', 'Casual', '2026-04-05 17:12:32', '2026-04-05 17:12:32'),
(21, 3, '2026-01-29', 1, '450.00', 'Casual', '2026-04-05 17:12:32', '2026-04-05 17:12:32'),
(22, 3, '2026-01-30', 1, '450.00', 'Casual', '2026-04-05 17:12:32', '2026-04-05 17:12:32'),
(23, 3, '2026-02-02', 1, '450.00', 'Casual', '2026-04-05 17:12:32', '2026-04-05 17:12:32'),
(24, 3, '2026-02-03', 1, '450.00', 'Casual', '2026-04-05 17:12:32', '2026-04-05 17:12:32'),
(25, 3, '2026-02-04', 1, '450.00', 'Casual', '2026-04-05 17:12:32', '2026-04-05 17:12:32'),
(26, 3, '2026-02-05', 1, '450.00', 'Casual', '2026-04-05 17:12:32', '2026-04-05 17:12:32'),
(27, 3, '2026-02-06', 1, '450.00', 'Casual', '2026-04-05 17:12:32', '2026-04-05 17:12:32'),
(28, 3, '2026-02-09', 1, '450.00', 'Casual', '2026-04-05 17:12:32', '2026-04-05 17:12:32'),
(29, 3, '2026-02-10', 1, '450.00', 'Casual', '2026-04-05 17:12:32', '2026-04-05 17:12:32'),
(30, 3, '2026-02-11', 1, '450.00', 'Casual', '2026-04-05 17:12:32', '2026-04-05 17:12:32'),
(31, 3, '2026-02-12', 1, '450.00', 'Casual', '2026-04-05 17:12:32', '2026-04-05 17:12:32'),
(32, 3, '2026-02-13', 1, '450.00', 'Casual', '2026-04-05 17:12:32', '2026-04-05 17:12:32'),
(33, 3, '2026-02-16', 1, '450.00', 'Casual', '2026-04-05 17:12:32', '2026-04-05 17:12:32'),
(34, 3, '2026-02-17', 1, '450.00', 'Casual', '2026-04-05 17:12:32', '2026-04-05 17:12:32'),
(35, 3, '2026-02-18', 1, '450.00', 'Casual', '2026-04-05 17:12:32', '2026-04-05 17:12:32'),
(36, 3, '2026-02-19', 1, '450.00', 'Casual', '2026-04-05 17:12:32', '2026-04-05 17:12:32'),
(37, 3, '2026-02-20', 1, '450.00', 'Casual', '2026-04-05 17:12:32', '2026-04-05 17:12:32'),
(38, 3, '2026-02-23', 1, '450.00', 'Casual', '2026-04-05 17:12:32', '2026-04-05 17:12:32'),
(39, 3, '2026-02-24', 1, '450.00', 'Casual', '2026-04-05 17:12:32', '2026-04-05 17:12:32'),
(40, 3, '2026-02-25', 1, '450.00', 'Casual', '2026-04-05 17:12:32', '2026-04-05 17:12:32'),
(41, 3, '2026-02-26', 1, '450.00', 'Casual', '2026-04-05 17:12:32', '2026-04-05 17:12:32'),
(42, 3, '2026-02-27', 1, '450.00', 'Casual', '2026-04-05 17:12:32', '2026-04-05 17:12:32'),
(43, 3, '2026-03-02', 1, '450.00', 'Casual', '2026-04-05 17:12:32', '2026-04-05 17:12:32'),
(44, 3, '2026-03-03', 1, '450.00', 'Casual', '2026-04-05 17:12:32', '2026-04-05 17:12:32'),
(45, 3, '2026-03-04', 1, '450.00', 'Casual', '2026-04-05 17:12:32', '2026-04-05 17:12:32'),
(46, 3, '2026-03-05', 1, '450.00', 'Casual', '2026-04-05 17:12:32', '2026-04-05 17:12:32'),
(47, 3, '2026-03-06', 1, '450.00', 'Casual', '2026-04-05 17:12:32', '2026-04-05 17:12:32'),
(48, 3, '2026-03-09', 1, '450.00', 'Casual', '2026-04-05 17:12:32', '2026-04-05 17:12:32'),
(49, 3, '2026-03-10', 1, '450.00', 'Casual', '2026-04-05 17:12:32', '2026-04-05 17:12:32'),
(50, 3, '2026-03-11', 1, '450.00', 'Casual', '2026-04-05 17:12:32', '2026-04-05 17:12:32'),
(51, 3, '2026-03-12', 1, '450.00', 'Casual', '2026-04-05 17:12:32', '2026-04-05 17:12:32'),
(52, 3, '2026-03-13', 1, '450.00', 'Casual', '2026-04-05 17:12:32', '2026-04-05 17:12:32'),
(53, 3, '2026-03-16', 1, '450.00', 'Casual', '2026-04-05 17:12:32', '2026-04-05 17:12:32'),
(54, 3, '2026-03-17', 1, '450.00', 'Casual', '2026-04-05 17:12:32', '2026-04-05 17:12:32'),
(55, 3, '2026-03-18', 1, '450.00', 'Casual', '2026-04-05 17:12:32', '2026-04-05 17:12:32'),
(56, 3, '2026-03-19', 1, '450.00', 'Casual', '2026-04-05 17:12:32', '2026-04-05 17:12:32'),
(57, 3, '2026-03-20', 1, '450.00', 'Casual', '2026-04-05 17:12:32', '2026-04-05 17:12:32'),
(58, 3, '2026-03-23', 1, '450.00', 'Casual', '2026-04-05 17:12:32', '2026-04-05 17:12:32'),
(59, 3, '2026-03-24', 1, '450.00', 'Casual', '2026-04-05 17:12:32', '2026-04-05 17:12:32'),
(60, 3, '2026-03-25', 1, '450.00', 'Casual', '2026-04-05 17:12:32', '2026-04-05 17:12:32'),
(61, 3, '2026-03-26', 1, '450.00', 'Casual', '2026-04-05 17:12:32', '2026-04-05 17:12:32'),
(62, 3, '2026-03-27', 1, '450.00', 'Casual', '2026-04-05 17:12:32', '2026-04-05 17:12:32'),
(63, 3, '2026-03-30', 1, '450.00', 'Casual', '2026-04-05 17:12:32', '2026-04-05 17:12:32'),
(64, 3, '2026-03-31', 1, '450.00', 'Casual', '2026-04-05 17:12:32', '2026-04-05 17:12:32'),
(65, 3, '2026-04-01', 1, '10.00', 'Permanent', '2026-04-05 17:13:42', '2026-04-05 17:13:42'),
(66, 3, '2026-04-02', 1, '10.00', 'Permanent', '2026-04-05 17:13:42', '2026-04-05 17:13:42'),
(67, 3, '2026-04-03', 1, '10.00', 'Permanent', '2026-04-05 17:13:42', '2026-04-05 17:13:42'),
(68, 3, '2026-04-06', 1, '10.00', 'Permanent', '2026-04-05 17:13:42', '2026-04-05 17:13:42'),
(69, 4, '2025-01-01', 1, '560.00', 'casual', '2026-04-05 17:35:53', '2026-04-05 17:35:53'),
(70, 4, '2025-01-02', 1, '560.00', 'casual', '2026-04-05 17:35:53', '2026-04-05 17:35:53'),
(71, 4, '2025-01-03', 1, '560.00', 'casual', '2026-04-05 17:35:53', '2026-04-05 17:35:53'),
(72, 4, '2025-01-06', 1, '560.00', 'casual', '2026-04-05 17:35:53', '2026-04-05 17:35:53'),
(73, 4, '2025-01-07', 1, '560.00', 'casual', '2026-04-05 17:35:53', '2026-04-05 17:35:53'),
(74, 4, '2025-01-08', 1, '560.00', 'casual', '2026-04-05 17:35:53', '2026-04-05 17:35:53'),
(75, 4, '2025-01-09', 1, '560.00', 'casual', '2026-04-05 17:35:53', '2026-04-05 17:35:53'),
(76, 4, '2025-01-10', 1, '560.00', 'casual', '2026-04-05 17:35:53', '2026-04-05 17:35:53'),
(77, 4, '2025-01-13', 1, '560.00', 'casual', '2026-04-05 17:35:53', '2026-04-05 17:35:53'),
(78, 4, '2025-01-14', 1, '560.00', 'casual', '2026-04-05 17:35:53', '2026-04-05 17:35:53'),
(79, 4, '2025-01-15', 1, '560.00', 'casual', '2026-04-05 17:35:53', '2026-04-05 17:35:53'),
(80, 4, '2025-01-16', 1, '560.00', 'casual', '2026-04-05 17:35:53', '2026-04-05 17:35:53'),
(81, 4, '2025-01-17', 1, '560.00', 'casual', '2026-04-05 17:35:53', '2026-04-05 17:35:53'),
(82, 4, '2025-01-20', 1, '560.00', 'casual', '2026-04-05 17:35:53', '2026-04-05 17:35:53'),
(83, 4, '2025-01-21', 1, '560.00', 'casual', '2026-04-05 17:35:53', '2026-04-05 17:35:53'),
(84, 4, '2025-01-22', 1, '560.00', 'casual', '2026-04-05 17:35:53', '2026-04-05 17:35:53'),
(85, 4, '2025-01-23', 1, '560.00', 'casual', '2026-04-05 17:35:53', '2026-04-05 17:35:53'),
(86, 4, '2025-01-24', 1, '560.00', 'casual', '2026-04-05 17:35:53', '2026-04-05 17:35:53'),
(87, 4, '2025-01-27', 1, '560.00', 'casual', '2026-04-05 17:35:53', '2026-04-05 17:35:53'),
(88, 4, '2025-01-28', 1, '560.00', 'casual', '2026-04-05 17:35:53', '2026-04-05 17:35:53'),
(89, 4, '2025-01-29', 1, '560.00', 'casual', '2026-04-05 17:35:53', '2026-04-05 17:35:53'),
(90, 4, '2025-01-30', 1, '560.00', 'casual', '2026-04-05 17:35:53', '2026-04-05 17:35:53'),
(91, 4, '2025-01-31', 1, '560.00', 'casual', '2026-04-05 17:35:53', '2026-04-05 17:35:53'),
(92, 4, '2025-02-03', 1, '560.00', 'casual', '2026-04-05 17:35:53', '2026-04-05 17:35:53'),
(93, 4, '2025-02-04', 1, '560.00', 'casual', '2026-04-05 17:35:53', '2026-04-05 17:35:53'),
(94, 4, '2025-02-05', 1, '560.00', 'casual', '2026-04-05 17:35:53', '2026-04-05 17:35:53'),
(95, 4, '2025-02-06', 1, '560.00', 'casual', '2026-04-05 17:35:53', '2026-04-05 17:35:53'),
(96, 4, '2025-02-07', 1, '560.00', 'casual', '2026-04-05 17:35:53', '2026-04-05 17:35:53'),
(97, 4, '2025-02-10', 1, '560.00', 'casual', '2026-04-05 17:35:53', '2026-04-05 17:35:53'),
(98, 4, '2025-02-11', 1, '560.00', 'casual', '2026-04-05 17:35:53', '2026-04-05 17:35:53'),
(99, 4, '2025-02-12', 1, '560.00', 'casual', '2026-04-05 17:35:53', '2026-04-05 17:35:53'),
(100, 4, '2025-02-13', 1, '560.00', 'casual', '2026-04-05 17:35:53', '2026-04-05 17:35:53'),
(101, 4, '2025-02-14', 1, '560.00', 'casual', '2026-04-05 17:35:53', '2026-04-05 17:35:53'),
(102, 4, '2025-02-17', 1, '560.00', 'casual', '2026-04-05 17:35:53', '2026-04-05 17:35:53'),
(103, 4, '2025-02-18', 1, '560.00', 'casual', '2026-04-05 17:35:53', '2026-04-05 17:35:53'),
(104, 4, '2025-02-19', 1, '560.00', 'casual', '2026-04-05 17:35:53', '2026-04-05 17:35:53'),
(105, 4, '2025-02-20', 1, '560.00', 'casual', '2026-04-05 17:35:53', '2026-04-05 17:35:53'),
(106, 4, '2025-02-21', 1, '560.00', 'casual', '2026-04-05 17:35:53', '2026-04-05 17:35:53'),
(107, 4, '2025-02-24', 1, '560.00', 'casual', '2026-04-05 17:35:53', '2026-04-05 17:35:53'),
(108, 4, '2025-02-25', 1, '560.00', 'casual', '2026-04-05 17:35:53', '2026-04-05 17:35:53'),
(109, 4, '2025-02-26', 1, '560.00', 'casual', '2026-04-05 17:35:53', '2026-04-05 17:35:53'),
(110, 4, '2025-02-27', 1, '560.00', 'casual', '2026-04-05 17:35:53', '2026-04-05 17:35:53'),
(111, 4, '2025-02-28', 1, '560.00', 'casual', '2026-04-05 17:35:53', '2026-04-05 17:35:53'),
(112, 4, '2025-03-03', 1, '560.00', 'casual', '2026-04-05 17:35:53', '2026-04-05 17:35:53'),
(113, 4, '2025-03-04', 1, '560.00', 'casual', '2026-04-05 17:35:53', '2026-04-05 17:35:53'),
(114, 4, '2025-03-05', 1, '560.00', 'casual', '2026-04-05 17:35:53', '2026-04-05 17:35:53'),
(115, 4, '2025-03-06', 1, '560.00', 'casual', '2026-04-05 17:35:53', '2026-04-05 17:35:53'),
(116, 4, '2025-03-07', 1, '560.00', 'casual', '2026-04-05 17:35:53', '2026-04-05 17:35:53'),
(117, 4, '2025-03-10', 1, '560.00', 'casual', '2026-04-05 17:35:53', '2026-04-05 17:35:53'),
(118, 4, '2025-03-11', 1, '560.00', 'casual', '2026-04-05 17:35:53', '2026-04-05 17:35:53'),
(119, 4, '2025-03-12', 1, '560.00', 'casual', '2026-04-05 17:35:53', '2026-04-05 17:35:53'),
(120, 4, '2025-03-13', 1, '560.00', 'casual', '2026-04-05 17:35:53', '2026-04-05 17:35:53'),
(121, 4, '2025-03-14', 1, '560.00', 'casual', '2026-04-05 17:35:53', '2026-04-05 17:35:53'),
(122, 4, '2025-03-17', 1, '560.00', 'casual', '2026-04-05 17:35:53', '2026-04-05 17:35:53'),
(123, 4, '2025-03-18', 1, '560.00', 'casual', '2026-04-05 17:35:53', '2026-04-05 17:35:53'),
(124, 4, '2025-03-19', 1, '560.00', 'casual', '2026-04-05 17:35:53', '2026-04-05 17:35:53'),
(125, 4, '2025-03-20', 1, '560.00', 'casual', '2026-04-05 17:35:53', '2026-04-05 17:35:53'),
(126, 4, '2025-03-21', 1, '560.00', 'casual', '2026-04-05 17:35:53', '2026-04-05 17:35:53'),
(127, 4, '2025-03-24', 1, '560.00', 'casual', '2026-04-05 17:35:53', '2026-04-05 17:35:53'),
(128, 4, '2025-03-25', 1, '560.00', 'casual', '2026-04-05 17:35:53', '2026-04-05 17:35:53'),
(129, 4, '2025-03-26', 1, '560.00', 'casual', '2026-04-05 17:35:53', '2026-04-05 17:35:53'),
(130, 4, '2025-03-27', 1, '560.00', 'casual', '2026-04-05 17:35:53', '2026-04-05 17:35:53'),
(131, 4, '2025-03-28', 1, '560.00', 'casual', '2026-04-05 17:35:53', '2026-04-05 17:35:53'),
(132, 4, '2025-03-31', 1, '560.00', 'casual', '2026-04-05 17:35:53', '2026-04-05 17:35:53'),
(133, 4, '2025-04-01', 1, '560.00', 'casual', '2026-04-05 17:35:53', '2026-04-05 17:35:53'),
(134, 4, '2025-04-02', 1, '560.00', 'casual', '2026-04-05 17:35:53', '2026-04-05 17:35:53'),
(135, 4, '2025-04-03', 1, '560.00', 'casual', '2026-04-05 17:35:53', '2026-04-05 17:35:53'),
(136, 4, '2025-04-04', 1, '560.00', 'casual', '2026-04-05 17:35:53', '2026-04-05 17:35:53'),
(137, 4, '2025-04-07', 1, '560.00', 'casual', '2026-04-05 17:35:53', '2026-04-05 17:35:53'),
(138, 4, '2025-04-08', 1, '560.00', 'casual', '2026-04-05 17:35:53', '2026-04-05 17:35:53'),
(139, 4, '2025-04-09', 1, '560.00', 'casual', '2026-04-05 17:35:53', '2026-04-05 17:35:53'),
(140, 4, '2025-04-10', 1, '560.00', 'casual', '2026-04-05 17:35:53', '2026-04-05 17:35:53'),
(141, 4, '2025-04-11', 1, '560.00', 'casual', '2026-04-05 17:35:53', '2026-04-05 17:35:53'),
(142, 4, '2025-04-14', 1, '560.00', 'casual', '2026-04-05 17:35:53', '2026-04-05 17:35:53'),
(143, 4, '2025-04-15', 1, '560.00', 'casual', '2026-04-05 17:35:53', '2026-04-05 17:35:53'),
(144, 4, '2025-04-16', 1, '560.00', 'casual', '2026-04-05 17:35:53', '2026-04-05 17:35:53'),
(145, 4, '2025-04-17', 1, '560.00', 'casual', '2026-04-05 17:35:53', '2026-04-05 17:35:53'),
(146, 4, '2025-04-18', 1, '560.00', 'casual', '2026-04-05 17:35:53', '2026-04-05 17:35:53'),
(147, 4, '2025-04-21', 1, '560.00', 'casual', '2026-04-05 17:35:53', '2026-04-05 17:35:53'),
(148, 4, '2025-04-22', 1, '560.00', 'casual', '2026-04-05 17:35:53', '2026-04-05 17:35:53'),
(149, 4, '2025-04-23', 1, '560.00', 'casual', '2026-04-05 17:35:53', '2026-04-05 17:35:53'),
(150, 4, '2025-04-24', 1, '560.00', 'casual', '2026-04-05 17:35:53', '2026-04-05 17:35:53'),
(151, 4, '2025-04-25', 1, '560.00', 'casual', '2026-04-05 17:35:53', '2026-04-05 17:35:53'),
(152, 4, '2025-04-28', 1, '560.00', 'casual', '2026-04-05 17:35:53', '2026-04-05 17:35:53'),
(153, 4, '2025-04-29', 1, '560.00', 'casual', '2026-04-05 17:35:53', '2026-04-05 17:35:53'),
(154, 4, '2025-04-30', 1, '560.00', 'casual', '2026-04-05 17:35:53', '2026-04-05 17:35:53'),
(155, 4, '2025-05-01', 1, '560.00', 'casual', '2026-04-05 17:35:53', '2026-04-05 17:35:53'),
(156, 4, '2025-05-02', 1, '560.00', 'casual', '2026-04-05 17:35:53', '2026-04-05 17:35:53'),
(157, 4, '2025-05-05', 1, '560.00', 'casual', '2026-04-05 17:35:53', '2026-04-05 17:35:53'),
(158, 4, '2025-05-06', 1, '560.00', 'casual', '2026-04-05 17:35:53', '2026-04-05 17:35:53'),
(159, 4, '2025-05-07', 1, '560.00', 'casual', '2026-04-05 17:35:53', '2026-04-05 17:35:53'),
(160, 4, '2025-05-08', 1, '560.00', 'casual', '2026-04-05 17:35:53', '2026-04-05 17:35:53'),
(161, 4, '2025-05-09', 1, '560.00', 'casual', '2026-04-05 17:35:53', '2026-04-05 17:35:53'),
(162, 4, '2025-05-12', 1, '560.00', 'casual', '2026-04-05 17:35:53', '2026-04-05 17:35:53'),
(163, 4, '2025-05-13', 1, '560.00', 'casual', '2026-04-05 17:35:53', '2026-04-05 17:35:53'),
(164, 4, '2025-05-14', 1, '560.00', 'casual', '2026-04-05 17:35:53', '2026-04-05 17:35:53'),
(165, 4, '2025-05-15', 1, '560.00', 'casual', '2026-04-05 17:35:53', '2026-04-05 17:35:53'),
(166, 4, '2025-05-16', 1, '560.00', 'casual', '2026-04-05 17:35:53', '2026-04-05 17:35:53'),
(167, 4, '2025-05-19', 1, '560.00', 'casual', '2026-04-05 17:35:53', '2026-04-05 17:35:53'),
(168, 4, '2025-05-20', 1, '560.00', 'casual', '2026-04-05 17:35:53', '2026-04-05 17:35:53'),
(169, 4, '2025-05-21', 1, '560.00', 'casual', '2026-04-05 17:35:53', '2026-04-05 17:35:53'),
(170, 4, '2025-05-22', 1, '560.00', 'casual', '2026-04-05 17:35:53', '2026-04-05 17:35:53'),
(171, 4, '2025-05-23', 1, '560.00', 'casual', '2026-04-05 17:35:53', '2026-04-05 17:35:53'),
(172, 4, '2025-05-26', 1, '560.00', 'casual', '2026-04-05 17:35:53', '2026-04-05 17:35:53'),
(173, 4, '2025-05-27', 1, '560.00', 'casual', '2026-04-05 17:35:53', '2026-04-05 17:35:53'),
(174, 4, '2025-05-28', 1, '560.00', 'casual', '2026-04-05 17:35:53', '2026-04-05 17:35:53'),
(175, 4, '2025-05-29', 1, '560.00', 'casual', '2026-04-05 17:35:53', '2026-04-05 17:35:53'),
(176, 4, '2025-05-30', 1, '560.00', 'casual', '2026-04-05 17:35:53', '2026-04-05 17:35:53'),
(177, 4, '2025-06-02', 1, '560.00', 'casual', '2026-04-05 17:35:53', '2026-04-05 17:35:53'),
(178, 4, '2025-06-03', 1, '560.00', 'casual', '2026-04-05 17:35:53', '2026-04-05 17:35:53'),
(179, 4, '2025-06-04', 1, '560.00', 'casual', '2026-04-05 17:35:53', '2026-04-05 17:35:53'),
(180, 4, '2025-06-05', 1, '560.00', 'casual', '2026-04-05 17:35:53', '2026-04-05 17:35:53'),
(181, 4, '2025-06-06', 1, '560.00', 'casual', '2026-04-05 17:35:53', '2026-04-05 17:35:53'),
(182, 4, '2025-06-09', 1, '560.00', 'casual', '2026-04-05 17:35:53', '2026-04-05 17:35:53'),
(183, 4, '2025-06-10', 1, '560.00', 'casual', '2026-04-05 17:35:53', '2026-04-05 17:35:53'),
(184, 4, '2025-06-11', 1, '560.00', 'casual', '2026-04-05 17:35:53', '2026-04-05 17:35:53'),
(185, 4, '2025-06-12', 1, '560.00', 'casual', '2026-04-05 17:35:53', '2026-04-05 17:35:53'),
(186, 4, '2025-06-13', 1, '560.00', 'casual', '2026-04-05 17:35:53', '2026-04-05 17:35:53'),
(187, 4, '2025-06-16', 1, '560.00', 'casual', '2026-04-05 17:35:53', '2026-04-05 17:35:53'),
(188, 4, '2025-06-17', 1, '560.00', 'casual', '2026-04-05 17:35:53', '2026-04-05 17:35:53'),
(189, 4, '2025-06-18', 1, '560.00', 'casual', '2026-04-05 17:35:53', '2026-04-05 17:35:53'),
(190, 4, '2025-06-19', 1, '560.00', 'casual', '2026-04-05 17:35:53', '2026-04-05 17:35:53'),
(191, 4, '2025-06-20', 1, '560.00', 'casual', '2026-04-05 17:35:53', '2026-04-05 17:35:53'),
(192, 4, '2025-06-23', 1, '560.00', 'casual', '2026-04-05 17:35:53', '2026-04-05 17:35:53'),
(193, 4, '2025-06-24', 1, '560.00', 'casual', '2026-04-05 17:35:53', '2026-04-05 17:35:53'),
(194, 4, '2025-06-25', 1, '560.00', 'casual', '2026-04-05 17:35:53', '2026-04-05 17:35:53'),
(195, 4, '2025-06-26', 1, '560.00', 'casual', '2026-04-05 17:35:53', '2026-04-05 17:35:53'),
(196, 4, '2025-06-27', 1, '560.00', 'casual', '2026-04-05 17:35:53', '2026-04-05 17:35:53'),
(197, 4, '2025-06-30', 1, '560.00', 'casual', '2026-04-05 17:35:53', '2026-04-05 17:35:53'),
(198, 4, '2025-07-01', 1, '560.00', 'casual', '2026-04-05 17:35:53', '2026-04-05 17:35:53'),
(199, 4, '2025-07-02', 1, '560.00', 'casual', '2026-04-05 17:35:53', '2026-04-05 17:35:53'),
(200, 4, '2025-07-03', 1, '560.00', 'casual', '2026-04-05 17:35:53', '2026-04-05 17:35:53'),
(201, 4, '2025-07-04', 1, '560.00', 'casual', '2026-04-05 17:35:53', '2026-04-05 17:35:53'),
(202, 4, '2025-07-07', 1, '560.00', 'casual', '2026-04-05 17:35:53', '2026-04-05 17:35:53'),
(203, 4, '2025-07-08', 1, '560.00', 'casual', '2026-04-05 17:35:53', '2026-04-05 17:35:53'),
(204, 4, '2025-07-09', 1, '560.00', 'casual', '2026-04-05 17:35:53', '2026-04-05 17:35:53'),
(205, 4, '2025-07-10', 1, '560.00', 'casual', '2026-04-05 17:35:53', '2026-04-05 17:35:53'),
(206, 4, '2025-07-11', 1, '560.00', 'casual', '2026-04-05 17:35:53', '2026-04-05 17:35:53'),
(207, 4, '2025-07-14', 1, '560.00', 'casual', '2026-04-05 17:35:53', '2026-04-05 17:35:53'),
(208, 4, '2025-07-15', 1, '560.00', 'casual', '2026-04-05 17:35:53', '2026-04-05 17:35:53'),
(209, 4, '2025-07-16', 1, '560.00', 'casual', '2026-04-05 17:35:53', '2026-04-05 17:35:53'),
(210, 4, '2025-07-17', 1, '560.00', 'casual', '2026-04-05 17:35:53', '2026-04-05 17:35:53'),
(211, 4, '2025-07-18', 1, '560.00', 'casual', '2026-04-05 17:35:53', '2026-04-05 17:35:53'),
(212, 4, '2025-07-21', 1, '560.00', 'casual', '2026-04-05 17:35:53', '2026-04-05 17:35:53'),
(213, 4, '2025-07-22', 1, '560.00', 'casual', '2026-04-05 17:35:53', '2026-04-05 17:35:53'),
(214, 4, '2025-07-23', 1, '560.00', 'casual', '2026-04-05 17:35:53', '2026-04-05 17:35:53'),
(215, 4, '2025-07-24', 1, '560.00', 'casual', '2026-04-05 17:35:53', '2026-04-05 17:35:53'),
(216, 4, '2025-07-25', 1, '560.00', 'casual', '2026-04-05 17:35:53', '2026-04-05 17:35:53'),
(217, 4, '2025-07-28', 1, '560.00', 'casual', '2026-04-05 17:35:53', '2026-04-05 17:35:53'),
(218, 4, '2025-07-29', 1, '560.00', 'casual', '2026-04-05 17:35:53', '2026-04-05 17:35:53'),
(219, 4, '2025-07-30', 1, '560.00', 'casual', '2026-04-05 17:35:53', '2026-04-05 17:35:53'),
(220, 4, '2025-07-31', 1, '560.00', 'casual', '2026-04-05 17:35:53', '2026-04-05 17:35:53'),
(221, 4, '2025-08-01', 1, '900.00', 'Permanent', '2026-04-05 17:37:01', '2026-04-05 17:37:01'),
(222, 4, '2025-08-04', 1, '900.00', 'Permanent', '2026-04-05 17:37:01', '2026-04-05 17:37:01'),
(223, 4, '2025-08-05', 1, '900.00', 'Permanent', '2026-04-05 17:37:01', '2026-04-05 17:37:01'),
(224, 4, '2025-08-06', 1, '900.00', 'Permanent', '2026-04-05 17:37:01', '2026-04-05 17:37:01'),
(225, 4, '2025-08-07', 1, '900.00', 'Permanent', '2026-04-05 17:37:01', '2026-04-05 17:37:01'),
(226, 4, '2025-08-08', 1, '900.00', 'Permanent', '2026-04-05 17:37:01', '2026-04-05 17:37:01'),
(227, 4, '2025-08-11', 1, '900.00', 'Permanent', '2026-04-05 17:37:01', '2026-04-05 17:37:01'),
(228, 4, '2025-08-12', 1, '900.00', 'Permanent', '2026-04-05 17:37:01', '2026-04-05 17:37:01'),
(229, 4, '2025-08-13', 1, '900.00', 'Permanent', '2026-04-05 17:37:01', '2026-04-05 17:37:01'),
(230, 4, '2025-08-14', 1, '900.00', 'Permanent', '2026-04-05 17:37:01', '2026-04-05 17:37:01'),
(231, 4, '2025-08-15', 1, '900.00', 'Permanent', '2026-04-05 17:37:01', '2026-04-05 17:37:01'),
(232, 4, '2025-08-18', 1, '900.00', 'Permanent', '2026-04-05 17:37:01', '2026-04-05 17:37:01'),
(233, 4, '2025-08-19', 1, '900.00', 'Permanent', '2026-04-05 17:37:01', '2026-04-05 17:37:01'),
(234, 4, '2025-08-20', 1, '900.00', 'Permanent', '2026-04-05 17:37:01', '2026-04-05 17:37:01'),
(235, 4, '2025-08-21', 1, '900.00', 'Permanent', '2026-04-05 17:37:01', '2026-04-05 17:37:01'),
(236, 4, '2025-08-22', 1, '900.00', 'Permanent', '2026-04-05 17:37:01', '2026-04-05 17:37:01'),
(237, 4, '2025-08-25', 1, '900.00', 'Permanent', '2026-04-05 17:37:01', '2026-04-05 17:37:01'),
(238, 4, '2025-08-26', 1, '900.00', 'Permanent', '2026-04-05 17:37:01', '2026-04-05 17:37:01'),
(239, 4, '2025-08-27', 1, '900.00', 'Permanent', '2026-04-05 17:37:01', '2026-04-05 17:37:01'),
(240, 4, '2025-08-28', 1, '900.00', 'Permanent', '2026-04-05 17:37:01', '2026-04-05 17:37:01'),
(241, 4, '2025-08-29', 1, '900.00', 'Permanent', '2026-04-05 17:37:01', '2026-04-05 17:37:01'),
(242, 4, '2025-09-01', 1, '900.00', 'Permanent', '2026-04-05 17:37:01', '2026-04-05 17:37:01'),
(243, 4, '2025-09-02', 1, '900.00', 'Permanent', '2026-04-05 17:37:01', '2026-04-05 17:37:01'),
(244, 4, '2025-09-03', 1, '900.00', 'Permanent', '2026-04-05 17:37:01', '2026-04-05 17:37:01'),
(245, 4, '2025-09-04', 1, '900.00', 'Permanent', '2026-04-05 17:37:01', '2026-04-05 17:37:01'),
(246, 4, '2025-09-05', 1, '900.00', 'Permanent', '2026-04-05 17:37:01', '2026-04-05 17:37:01'),
(247, 4, '2025-09-08', 1, '900.00', 'Permanent', '2026-04-05 17:37:01', '2026-04-05 17:37:01'),
(248, 4, '2025-09-09', 1, '900.00', 'Permanent', '2026-04-05 17:37:01', '2026-04-05 17:37:01'),
(249, 4, '2025-09-10', 1, '900.00', 'Permanent', '2026-04-05 17:37:01', '2026-04-05 17:37:01'),
(250, 4, '2025-09-11', 1, '900.00', 'Permanent', '2026-04-05 17:37:01', '2026-04-05 17:37:01'),
(251, 4, '2025-09-12', 1, '900.00', 'Permanent', '2026-04-05 17:37:01', '2026-04-05 17:37:01'),
(252, 4, '2025-09-15', 1, '900.00', 'Permanent', '2026-04-05 17:37:01', '2026-04-05 17:37:01'),
(253, 4, '2025-09-16', 1, '900.00', 'Permanent', '2026-04-05 17:37:01', '2026-04-05 17:37:01'),
(254, 4, '2025-09-17', 1, '900.00', 'Permanent', '2026-04-05 17:37:01', '2026-04-05 17:37:01'),
(255, 4, '2025-09-18', 1, '900.00', 'Permanent', '2026-04-05 17:37:01', '2026-04-05 17:37:01'),
(256, 4, '2025-09-19', 1, '900.00', 'Permanent', '2026-04-05 17:37:01', '2026-04-05 17:37:01'),
(257, 4, '2025-09-22', 1, '900.00', 'Permanent', '2026-04-05 17:37:01', '2026-04-05 17:37:01'),
(258, 4, '2025-09-23', 1, '900.00', 'Permanent', '2026-04-05 17:37:01', '2026-04-05 17:37:01'),
(259, 4, '2025-09-24', 1, '900.00', 'Permanent', '2026-04-05 17:37:01', '2026-04-05 17:37:01'),
(260, 4, '2025-09-25', 1, '900.00', 'Permanent', '2026-04-05 17:37:01', '2026-04-05 17:37:01'),
(261, 4, '2025-09-26', 1, '900.00', 'Permanent', '2026-04-05 17:37:01', '2026-04-05 17:37:01'),
(262, 4, '2025-09-29', 1, '900.00', 'Permanent', '2026-04-05 17:37:01', '2026-04-05 17:37:01'),
(263, 4, '2025-09-30', 1, '900.00', 'Permanent', '2026-04-05 17:37:01', '2026-04-05 17:37:01'),
(264, 4, '2025-10-01', 1, '900.00', 'Permanent', '2026-04-05 17:37:01', '2026-04-05 17:37:01'),
(265, 4, '2025-10-02', 1, '900.00', 'Permanent', '2026-04-05 17:37:01', '2026-04-05 17:37:01'),
(266, 4, '2025-10-03', 1, '900.00', 'Permanent', '2026-04-05 17:37:01', '2026-04-05 17:37:01'),
(267, 4, '2025-10-06', 1, '900.00', 'Permanent', '2026-04-05 17:37:01', '2026-04-05 17:37:01'),
(268, 4, '2025-10-07', 1, '900.00', 'Permanent', '2026-04-05 17:37:01', '2026-04-05 17:37:01'),
(269, 4, '2025-10-08', 1, '900.00', 'Permanent', '2026-04-05 17:37:01', '2026-04-05 17:37:01'),
(270, 4, '2025-10-09', 1, '900.00', 'Permanent', '2026-04-05 17:37:01', '2026-04-05 17:37:01'),
(271, 4, '2025-10-10', 1, '900.00', 'Permanent', '2026-04-05 17:37:01', '2026-04-05 17:37:01'),
(272, 4, '2025-10-13', 1, '900.00', 'Permanent', '2026-04-05 17:37:01', '2026-04-05 17:37:01'),
(273, 4, '2025-10-14', 1, '900.00', 'Permanent', '2026-04-05 17:37:01', '2026-04-05 17:37:01'),
(274, 4, '2025-10-15', 1, '900.00', 'Permanent', '2026-04-05 17:37:01', '2026-04-05 17:37:01'),
(275, 4, '2025-10-16', 1, '900.00', 'Permanent', '2026-04-05 17:37:01', '2026-04-05 17:37:01'),
(276, 4, '2025-10-17', 1, '900.00', 'Permanent', '2026-04-05 17:37:01', '2026-04-05 17:37:01'),
(277, 4, '2025-10-20', 1, '900.00', 'Permanent', '2026-04-05 17:37:01', '2026-04-05 17:37:01'),
(278, 4, '2025-10-21', 1, '900.00', 'Permanent', '2026-04-05 17:37:01', '2026-04-05 17:37:01'),
(279, 4, '2025-10-22', 1, '900.00', 'Permanent', '2026-04-05 17:37:01', '2026-04-05 17:37:01'),
(280, 4, '2025-10-23', 1, '900.00', 'Permanent', '2026-04-05 17:37:01', '2026-04-05 17:37:01'),
(281, 4, '2025-10-24', 1, '900.00', 'Permanent', '2026-04-05 17:37:01', '2026-04-05 17:37:01'),
(282, 4, '2025-10-27', 1, '900.00', 'Permanent', '2026-04-05 17:37:01', '2026-04-05 17:37:01'),
(283, 4, '2025-10-28', 1, '900.00', 'Permanent', '2026-04-05 17:37:01', '2026-04-05 17:37:01'),
(284, 4, '2025-10-29', 1, '900.00', 'Permanent', '2026-04-05 17:37:01', '2026-04-05 17:37:01'),
(285, 4, '2025-10-30', 1, '900.00', 'Permanent', '2026-04-05 17:37:01', '2026-04-05 17:37:01'),
(286, 4, '2025-10-31', 1, '900.00', 'Permanent', '2026-04-05 17:37:01', '2026-04-05 17:37:01'),
(287, 4, '2025-11-03', 1, '900.00', 'Permanent', '2026-04-05 17:37:01', '2026-04-05 17:37:01'),
(288, 4, '2025-11-04', 1, '900.00', 'Permanent', '2026-04-05 17:37:01', '2026-04-05 17:37:01'),
(289, 4, '2025-11-05', 1, '900.00', 'Permanent', '2026-04-05 17:37:01', '2026-04-05 17:37:01'),
(290, 4, '2025-11-06', 1, '900.00', 'Permanent', '2026-04-05 17:37:01', '2026-04-05 17:37:01'),
(291, 4, '2025-11-07', 1, '900.00', 'Permanent', '2026-04-05 17:37:01', '2026-04-05 17:37:01'),
(292, 4, '2025-11-10', 1, '900.00', 'Permanent', '2026-04-05 17:37:01', '2026-04-05 17:37:01'),
(293, 4, '2025-11-11', 1, '900.00', 'Permanent', '2026-04-05 17:37:01', '2026-04-05 17:37:01'),
(294, 4, '2025-11-12', 1, '900.00', 'Permanent', '2026-04-05 17:37:01', '2026-04-05 17:37:01'),
(295, 4, '2025-11-13', 1, '900.00', 'Permanent', '2026-04-05 17:37:01', '2026-04-05 17:37:01'),
(296, 4, '2025-11-14', 1, '900.00', 'Permanent', '2026-04-05 17:37:01', '2026-04-05 17:37:01'),
(297, 4, '2025-11-17', 1, '900.00', 'Permanent', '2026-04-05 17:37:01', '2026-04-05 17:37:01'),
(298, 4, '2025-11-18', 1, '900.00', 'Permanent', '2026-04-05 17:37:01', '2026-04-05 17:37:01'),
(299, 4, '2025-11-19', 1, '900.00', 'Permanent', '2026-04-05 17:37:01', '2026-04-05 17:37:01'),
(300, 4, '2025-11-20', 1, '900.00', 'Permanent', '2026-04-05 17:37:01', '2026-04-05 17:37:01'),
(301, 4, '2025-11-21', 1, '900.00', 'Permanent', '2026-04-05 17:37:01', '2026-04-05 17:37:01'),
(302, 4, '2025-11-24', 1, '900.00', 'Permanent', '2026-04-05 17:37:01', '2026-04-05 17:37:01'),
(303, 4, '2025-11-25', 1, '900.00', 'Permanent', '2026-04-05 17:37:01', '2026-04-05 17:37:01'),
(304, 4, '2025-11-26', 1, '900.00', 'Permanent', '2026-04-05 17:37:01', '2026-04-05 17:37:01'),
(305, 4, '2025-11-27', 1, '900.00', 'Permanent', '2026-04-05 17:37:01', '2026-04-05 17:37:01'),
(306, 4, '2025-11-28', 1, '900.00', 'Permanent', '2026-04-05 17:37:01', '2026-04-05 17:37:01'),
(307, 4, '2025-12-01', 1, '900.00', 'Permanent', '2026-04-05 17:37:01', '2026-04-05 17:37:01'),
(308, 4, '2025-12-02', 1, '900.00', 'Permanent', '2026-04-05 17:37:01', '2026-04-05 17:37:01'),
(309, 4, '2025-12-03', 1, '900.00', 'Permanent', '2026-04-05 17:37:01', '2026-04-05 17:37:01'),
(310, 4, '2025-12-04', 1, '900.00', 'Permanent', '2026-04-05 17:37:01', '2026-04-05 17:37:01'),
(311, 4, '2025-12-05', 1, '900.00', 'Permanent', '2026-04-05 17:37:01', '2026-04-05 17:37:01'),
(312, 4, '2025-12-08', 1, '900.00', 'Permanent', '2026-04-05 17:37:01', '2026-04-05 17:37:01'),
(313, 4, '2025-12-09', 1, '900.00', 'Permanent', '2026-04-05 17:37:01', '2026-04-05 17:37:01'),
(314, 4, '2025-12-10', 1, '900.00', 'Permanent', '2026-04-05 17:37:01', '2026-04-05 17:37:01'),
(315, 4, '2025-12-11', 1, '900.00', 'Permanent', '2026-04-05 17:37:01', '2026-04-05 17:37:01'),
(316, 4, '2025-12-12', 1, '900.00', 'Permanent', '2026-04-05 17:37:01', '2026-04-05 17:37:01'),
(317, 4, '2025-12-15', 1, '900.00', 'Permanent', '2026-04-05 17:37:01', '2026-04-05 17:37:01'),
(318, 4, '2025-12-16', 1, '900.00', 'Permanent', '2026-04-05 17:37:01', '2026-04-05 17:37:01'),
(319, 4, '2025-12-17', 1, '900.00', 'Permanent', '2026-04-05 17:37:01', '2026-04-05 17:37:01'),
(320, 4, '2025-12-18', 1, '900.00', 'Permanent', '2026-04-05 17:37:01', '2026-04-05 17:37:01'),
(321, 4, '2025-12-19', 1, '900.00', 'Permanent', '2026-04-05 17:37:01', '2026-04-05 17:37:01'),
(322, 4, '2025-12-22', 1, '900.00', 'Permanent', '2026-04-05 17:37:01', '2026-04-05 17:37:01'),
(323, 4, '2025-12-23', 1, '900.00', 'Permanent', '2026-04-05 17:37:01', '2026-04-05 17:37:01'),
(324, 4, '2025-12-24', 1, '900.00', 'Permanent', '2026-04-05 17:37:01', '2026-04-05 17:37:01'),
(325, 4, '2025-12-25', 1, '900.00', 'Permanent', '2026-04-05 17:37:01', '2026-04-05 17:37:01'),
(326, 4, '2025-12-26', 1, '900.00', 'Permanent', '2026-04-05 17:37:01', '2026-04-05 17:37:01'),
(327, 4, '2025-12-29', 1, '900.00', 'Permanent', '2026-04-05 17:37:01', '2026-04-05 17:37:01'),
(328, 4, '2025-12-30', 1, '900.00', 'Permanent', '2026-04-05 17:37:01', '2026-04-05 17:37:01'),
(329, 4, '2025-12-31', 1, '900.00', 'Permanent', '2026-04-05 17:37:01', '2026-04-05 17:37:01'),
(330, 4, '2026-01-01', 1, '900.00', 'Permanent', '2026-04-05 17:42:51', '2026-04-05 17:42:51'),
(331, 4, '2026-01-02', 1, '900.00', 'Permanent', '2026-04-05 17:42:51', '2026-04-05 17:42:51'),
(332, 4, '2026-01-05', 1, '900.00', 'Permanent', '2026-04-05 17:42:51', '2026-04-05 17:42:51'),
(333, 4, '2026-01-06', 1, '900.00', 'Permanent', '2026-04-05 17:42:51', '2026-04-05 17:42:51'),
(334, 4, '2026-01-07', 1, '900.00', 'Permanent', '2026-04-05 17:42:51', '2026-04-05 17:42:51'),
(335, 4, '2026-01-08', 1, '900.00', 'Permanent', '2026-04-05 17:42:51', '2026-04-05 17:42:51'),
(336, 4, '2026-01-09', 1, '900.00', 'Permanent', '2026-04-05 17:42:51', '2026-04-05 17:42:51'),
(337, 4, '2026-01-12', 1, '900.00', 'Permanent', '2026-04-05 17:42:51', '2026-04-05 17:42:51'),
(338, 4, '2026-01-13', 1, '900.00', 'Permanent', '2026-04-05 17:42:51', '2026-04-05 17:42:51'),
(339, 4, '2026-01-14', 1, '900.00', 'Permanent', '2026-04-05 17:42:51', '2026-04-05 17:42:51'),
(340, 4, '2026-01-15', 1, '900.00', 'Permanent', '2026-04-05 17:42:51', '2026-04-05 17:42:51'),
(341, 4, '2026-01-16', 1, '900.00', 'Permanent', '2026-04-05 17:42:51', '2026-04-05 17:42:51'),
(342, 4, '2026-01-19', 1, '900.00', 'Permanent', '2026-04-05 17:42:51', '2026-04-05 17:42:51'),
(343, 4, '2026-01-20', 1, '900.00', 'Permanent', '2026-04-05 17:42:51', '2026-04-05 17:42:51'),
(344, 4, '2026-01-21', 1, '900.00', 'Permanent', '2026-04-05 17:42:51', '2026-04-05 17:42:51'),
(345, 4, '2026-01-22', 1, '900.00', 'Permanent', '2026-04-05 17:42:51', '2026-04-05 17:42:51'),
(346, 4, '2026-01-23', 1, '900.00', 'Permanent', '2026-04-05 17:42:51', '2026-04-05 17:42:51'),
(347, 4, '2026-01-26', 1, '900.00', 'Permanent', '2026-04-05 17:42:51', '2026-04-05 17:42:51'),
(348, 4, '2026-01-27', 1, '900.00', 'Permanent', '2026-04-05 17:42:51', '2026-04-05 17:42:51'),
(349, 4, '2026-01-28', 1, '900.00', 'Permanent', '2026-04-05 17:42:51', '2026-04-05 17:42:51'),
(350, 4, '2026-01-29', 1, '900.00', 'Permanent', '2026-04-05 17:42:51', '2026-04-05 17:42:51'),
(351, 4, '2026-01-30', 1, '900.00', 'Permanent', '2026-04-05 17:42:51', '2026-04-05 17:42:51'),
(352, 4, '2026-02-02', 1, '900.00', 'Permanent', '2026-04-05 17:42:51', '2026-04-05 17:42:51'),
(353, 4, '2026-02-03', 1, '900.00', 'Permanent', '2026-04-05 17:42:51', '2026-04-05 17:42:51'),
(354, 4, '2026-02-04', 1, '900.00', 'Permanent', '2026-04-05 17:42:51', '2026-04-05 17:42:51'),
(355, 4, '2026-02-05', 1, '900.00', 'Permanent', '2026-04-05 17:42:51', '2026-04-05 17:42:51'),
(356, 4, '2026-02-06', 1, '900.00', 'Permanent', '2026-04-05 17:42:51', '2026-04-05 17:42:51'),
(357, 4, '2026-02-09', 1, '900.00', 'Permanent', '2026-04-05 17:42:51', '2026-04-05 17:42:51'),
(358, 4, '2026-02-10', 1, '900.00', 'Permanent', '2026-04-05 17:42:51', '2026-04-05 17:42:51'),
(359, 4, '2026-02-11', 1, '900.00', 'Permanent', '2026-04-05 17:42:51', '2026-04-05 17:42:51'),
(360, 4, '2026-02-12', 1, '900.00', 'Permanent', '2026-04-05 17:42:51', '2026-04-05 17:42:51'),
(361, 4, '2026-02-13', 1, '900.00', 'Permanent', '2026-04-05 17:42:51', '2026-04-05 17:42:51'),
(362, 4, '2026-02-16', 1, '900.00', 'Permanent', '2026-04-05 17:42:51', '2026-04-05 17:42:51'),
(363, 4, '2026-02-17', 1, '900.00', 'Permanent', '2026-04-05 17:42:51', '2026-04-05 17:42:51'),
(364, 4, '2026-02-18', 1, '900.00', 'Permanent', '2026-04-05 17:42:51', '2026-04-05 17:42:51'),
(365, 4, '2026-02-19', 1, '900.00', 'Permanent', '2026-04-05 17:42:51', '2026-04-05 17:42:51'),
(366, 4, '2026-02-20', 1, '900.00', 'Permanent', '2026-04-05 17:42:51', '2026-04-05 17:42:51'),
(367, 4, '2026-02-23', 1, '900.00', 'Permanent', '2026-04-05 17:42:51', '2026-04-05 17:42:51'),
(368, 4, '2026-02-24', 1, '900.00', 'Permanent', '2026-04-05 17:42:51', '2026-04-05 17:42:51'),
(369, 4, '2026-02-25', 1, '900.00', 'Permanent', '2026-04-05 17:42:51', '2026-04-05 17:42:51'),
(370, 4, '2026-02-26', 1, '900.00', 'Permanent', '2026-04-05 17:42:51', '2026-04-05 17:42:51'),
(371, 4, '2026-02-27', 1, '900.00', 'Permanent', '2026-04-05 17:42:51', '2026-04-05 17:42:51'),
(372, 4, '2026-03-02', 1, '900.00', 'Permanent', '2026-04-05 17:42:51', '2026-04-05 17:42:51'),
(373, 4, '2026-03-03', 1, '900.00', 'Permanent', '2026-04-05 17:42:51', '2026-04-05 17:42:51'),
(374, 4, '2026-03-04', 1, '900.00', 'Permanent', '2026-04-05 17:42:51', '2026-04-05 17:42:51'),
(375, 4, '2026-03-05', 1, '900.00', 'Permanent', '2026-04-05 17:42:51', '2026-04-05 17:42:51'),
(376, 4, '2026-03-06', 1, '900.00', 'Permanent', '2026-04-05 17:42:51', '2026-04-05 17:42:51'),
(377, 4, '2026-03-09', 1, '900.00', 'Permanent', '2026-04-05 17:42:51', '2026-04-05 17:42:51'),
(378, 4, '2026-03-10', 1, '900.00', 'Permanent', '2026-04-05 17:42:51', '2026-04-05 17:42:51'),
(379, 4, '2026-03-11', 1, '900.00', 'Permanent', '2026-04-05 17:42:51', '2026-04-05 17:42:51'),
(380, 4, '2026-03-12', 1, '900.00', 'Permanent', '2026-04-05 17:42:51', '2026-04-05 17:42:51'),
(381, 4, '2026-03-13', 1, '900.00', 'Permanent', '2026-04-05 17:42:51', '2026-04-05 17:42:51'),
(382, 4, '2026-03-16', 1, '900.00', 'Permanent', '2026-04-05 17:42:51', '2026-04-05 17:42:51'),
(383, 4, '2026-03-17', 1, '900.00', 'Permanent', '2026-04-05 17:42:51', '2026-04-05 17:42:51'),
(384, 4, '2026-03-18', 1, '900.00', 'Permanent', '2026-04-05 17:42:51', '2026-04-05 17:42:51'),
(385, 4, '2026-03-19', 1, '900.00', 'Permanent', '2026-04-05 17:42:51', '2026-04-05 17:42:51'),
(386, 4, '2026-03-20', 1, '900.00', 'Permanent', '2026-04-05 17:42:51', '2026-04-05 17:42:51'),
(387, 4, '2026-03-23', 1, '900.00', 'Permanent', '2026-04-05 17:42:51', '2026-04-05 17:42:51'),
(388, 4, '2026-03-24', 1, '900.00', 'Permanent', '2026-04-05 17:42:51', '2026-04-05 17:42:51'),
(389, 4, '2026-03-25', 1, '900.00', 'Permanent', '2026-04-05 17:42:51', '2026-04-05 17:42:51'),
(390, 4, '2026-03-26', 1, '900.00', 'Permanent', '2026-04-05 17:42:51', '2026-04-05 17:42:51'),
(391, 4, '2026-03-27', 1, '900.00', 'Permanent', '2026-04-05 17:42:51', '2026-04-05 17:42:51'),
(392, 4, '2026-03-30', 1, '900.00', 'Permanent', '2026-04-05 17:42:51', '2026-04-05 17:42:51'),
(393, 4, '2026-03-31', 1, '900.00', 'Permanent', '2026-04-05 17:42:51', '2026-04-05 17:42:51'),
(394, 4, '2026-04-01', 1, '900.00', 'Permanent', '2026-04-05 17:42:51', '2026-04-05 17:42:51'),
(395, 4, '2026-04-02', 1, '900.00', 'Permanent', '2026-04-05 17:42:51', '2026-04-05 17:42:51'),
(396, 4, '2026-04-03', 1, '900.00', 'Permanent', '2026-04-05 17:42:51', '2026-04-05 17:42:51'),
(397, 4, '2026-04-06', 1, '900.00', 'Permanent', '2026-04-05 17:42:51', '2026-04-05 17:42:51'),
(398, 5, '1999-07-16', 1, '200.00', 'Casual', '2026-04-05 18:50:09', '2026-04-05 18:50:09'),
(399, 5, '1999-07-19', 1, '200.00', 'Casual', '2026-04-05 18:50:09', '2026-04-05 18:50:09'),
(400, 5, '1999-07-20', 1, '200.00', 'Casual', '2026-04-05 18:50:09', '2026-04-05 18:50:09'),
(401, 5, '1999-07-21', 1, '200.00', 'Casual', '2026-04-05 18:50:09', '2026-04-05 18:50:09'),
(402, 5, '1999-07-22', 1, '200.00', 'Casual', '2026-04-05 18:50:09', '2026-04-05 18:50:09'),
(403, 5, '1999-07-23', 1, '200.00', 'Casual', '2026-04-05 18:50:09', '2026-04-05 18:50:09'),
(404, 5, '1999-07-26', 1, '200.00', 'Casual', '2026-04-05 18:50:09', '2026-04-05 18:50:09'),
(405, 5, '1999-07-27', 1, '200.00', 'Casual', '2026-04-05 18:50:09', '2026-04-05 18:50:09'),
(406, 5, '1999-07-28', 1, '200.00', 'Casual', '2026-04-05 18:50:09', '2026-04-05 18:50:09'),
(407, 5, '1999-07-29', 1, '200.00', 'Casual', '2026-04-05 18:50:09', '2026-04-05 18:50:09'),
(408, 5, '1999-07-30', 1, '200.00', 'Casual', '2026-04-05 18:50:09', '2026-04-05 18:50:09'),
(409, 5, '1999-08-02', 1, '200.00', 'Casual', '2026-04-05 18:50:09', '2026-04-05 18:50:09'),
(410, 5, '1999-08-03', 1, '200.00', 'Casual', '2026-04-05 18:50:09', '2026-04-05 18:50:09'),
(411, 5, '1999-08-04', 1, '200.00', 'Casual', '2026-04-05 18:50:09', '2026-04-05 18:50:09'),
(412, 5, '1999-08-05', 1, '200.00', 'Casual', '2026-04-05 18:50:09', '2026-04-05 18:50:09'),
(413, 5, '1999-08-06', 1, '200.00', 'Casual', '2026-04-05 18:50:09', '2026-04-05 18:50:09'),
(414, 5, '1999-08-09', 1, '200.00', 'Casual', '2026-04-05 18:50:09', '2026-04-05 18:50:09'),
(415, 5, '1999-08-10', 1, '200.00', 'Casual', '2026-04-05 18:50:09', '2026-04-05 18:50:09'),
(416, 5, '1999-08-11', 1, '200.00', 'Casual', '2026-04-05 18:50:09', '2026-04-05 18:50:09'),
(417, 5, '1999-08-12', 1, '200.00', 'Casual', '2026-04-05 18:50:09', '2026-04-05 18:50:09'),
(418, 5, '1999-08-13', 1, '200.00', 'Casual', '2026-04-05 18:50:09', '2026-04-05 18:50:09'),
(419, 5, '1999-08-16', 1, '200.00', 'Casual', '2026-04-05 18:50:09', '2026-04-05 18:50:09'),
(420, 5, '1999-08-17', 1, '200.00', 'Casual', '2026-04-05 18:50:09', '2026-04-05 18:50:09'),
(421, 5, '1999-08-18', 1, '200.00', 'Casual', '2026-04-05 18:50:09', '2026-04-05 18:50:09'),
(422, 5, '1999-08-19', 1, '200.00', 'Casual', '2026-04-05 18:50:09', '2026-04-05 18:50:09'),
(423, 5, '1999-08-20', 1, '200.00', 'Casual', '2026-04-05 18:50:09', '2026-04-05 18:50:09'),
(424, 5, '1999-08-23', 1, '200.00', 'Casual', '2026-04-05 18:50:09', '2026-04-05 18:50:09'),
(425, 5, '1999-08-24', 1, '200.00', 'Casual', '2026-04-05 18:50:09', '2026-04-05 18:50:09'),
(426, 5, '1999-08-25', 1, '200.00', 'Casual', '2026-04-05 18:50:09', '2026-04-05 18:50:09'),
(427, 5, '1999-08-26', 1, '200.00', 'Casual', '2026-04-05 18:50:09', '2026-04-05 18:50:09'),
(428, 5, '1999-08-27', 1, '200.00', 'Casual', '2026-04-05 18:50:09', '2026-04-05 18:50:09'),
(429, 5, '1999-08-30', 1, '200.00', 'Casual', '2026-04-05 18:50:09', '2026-04-05 18:50:09'),
(430, 5, '1999-08-31', 1, '200.00', 'Casual', '2026-04-05 18:50:09', '2026-04-05 18:50:09'),
(431, 5, '1999-09-01', 1, '200.00', 'Casual', '2026-04-05 18:50:09', '2026-04-05 18:50:09'),
(432, 5, '1999-09-02', 1, '200.00', 'Casual', '2026-04-05 18:50:09', '2026-04-05 18:50:09'),
(433, 5, '1999-09-03', 1, '200.00', 'Casual', '2026-04-05 18:50:09', '2026-04-05 18:50:09'),
(434, 5, '1999-09-06', 1, '200.00', 'Casual', '2026-04-05 18:50:09', '2026-04-05 18:50:09'),
(435, 5, '1999-09-07', 1, '200.00', 'Casual', '2026-04-05 18:50:09', '2026-04-05 18:50:09'),
(436, 5, '1999-09-08', 1, '200.00', 'Casual', '2026-04-05 18:50:09', '2026-04-05 18:50:09'),
(437, 5, '1999-09-09', 1, '200.00', 'Casual', '2026-04-05 18:50:09', '2026-04-05 18:50:09'),
(438, 5, '1999-09-10', 1, '200.00', 'Casual', '2026-04-05 18:50:09', '2026-04-05 18:50:09'),
(439, 5, '1999-09-13', 1, '200.00', 'Casual', '2026-04-05 18:50:09', '2026-04-05 18:50:09'),
(440, 5, '1999-09-14', 1, '200.00', 'Casual', '2026-04-05 18:50:09', '2026-04-05 18:50:09'),
(441, 5, '1999-09-15', 1, '200.00', 'Casual', '2026-04-05 18:50:09', '2026-04-05 18:50:09'),
(442, 5, '1999-09-16', 1, '200.00', 'Casual', '2026-04-05 18:50:09', '2026-04-05 18:50:09'),
(443, 5, '1999-09-17', 1, '200.00', 'Casual', '2026-04-05 18:50:09', '2026-04-05 18:50:09'),
(444, 5, '1999-09-20', 1, '200.00', 'Casual', '2026-04-05 18:50:09', '2026-04-05 18:50:09'),
(445, 5, '1999-09-21', 1, '200.00', 'Casual', '2026-04-05 18:50:09', '2026-04-05 18:50:09'),
(446, 5, '1999-09-22', 1, '200.00', 'Casual', '2026-04-05 18:50:09', '2026-04-05 18:50:09'),
(447, 5, '1999-09-23', 1, '200.00', 'Casual', '2026-04-05 18:50:09', '2026-04-05 18:50:09'),
(448, 5, '1999-09-24', 1, '200.00', 'Casual', '2026-04-05 18:50:09', '2026-04-05 18:50:09'),
(449, 5, '1999-09-27', 1, '200.00', 'Casual', '2026-04-05 18:50:09', '2026-04-05 18:50:09'),
(450, 5, '1999-09-28', 1, '200.00', 'Casual', '2026-04-05 18:50:09', '2026-04-05 18:50:09'),
(451, 5, '1999-09-29', 1, '200.00', 'Casual', '2026-04-05 18:50:09', '2026-04-05 18:50:09'),
(452, 5, '1999-09-30', 1, '200.00', 'Casual', '2026-04-05 18:50:09', '2026-04-05 18:50:09'),
(453, 5, '1999-10-01', 1, '200.00', 'Casual', '2026-04-05 18:50:09', '2026-04-05 18:50:09'),
(454, 5, '1999-10-04', 1, '200.00', 'Casual', '2026-04-05 18:50:09', '2026-04-05 18:50:09'),
(455, 5, '1999-10-05', 1, '200.00', 'Casual', '2026-04-05 18:50:09', '2026-04-05 18:50:09'),
(456, 5, '1999-10-06', 1, '200.00', 'Casual', '2026-04-05 18:50:09', '2026-04-05 18:50:09'),
(457, 5, '1999-10-07', 1, '200.00', 'Casual', '2026-04-05 18:50:09', '2026-04-05 18:50:09'),
(458, 5, '1999-10-08', 1, '200.00', 'Casual', '2026-04-05 18:50:09', '2026-04-05 18:50:09'),
(459, 5, '1999-10-11', 1, '200.00', 'Casual', '2026-04-05 18:50:09', '2026-04-05 18:50:09'),
(460, 5, '1999-10-12', 1, '200.00', 'Casual', '2026-04-05 18:50:09', '2026-04-05 18:50:09'),
(461, 5, '1999-10-13', 1, '200.00', 'Casual', '2026-04-05 18:50:09', '2026-04-05 18:50:09'),
(462, 5, '1999-10-14', 1, '200.00', 'Casual', '2026-04-05 18:50:09', '2026-04-05 18:50:09'),
(463, 5, '1999-10-15', 1, '200.00', 'Casual', '2026-04-05 18:50:09', '2026-04-05 18:50:09'),
(464, 5, '1999-10-18', 1, '200.00', 'Casual', '2026-04-05 18:50:09', '2026-04-05 18:50:09'),
(465, 5, '1999-10-19', 1, '200.00', 'Casual', '2026-04-05 18:50:09', '2026-04-05 18:50:09'),
(466, 5, '1999-10-20', 1, '200.00', 'Casual', '2026-04-05 18:50:09', '2026-04-05 18:50:09'),
(467, 5, '1999-10-21', 1, '200.00', 'Casual', '2026-04-05 18:50:09', '2026-04-05 18:50:09'),
(468, 5, '1999-10-22', 1, '200.00', 'Casual', '2026-04-05 18:50:09', '2026-04-05 18:50:09'),
(469, 5, '1999-10-25', 1, '200.00', 'Casual', '2026-04-05 18:50:09', '2026-04-05 18:50:09'),
(470, 5, '1999-10-26', 1, '200.00', 'Casual', '2026-04-05 18:50:09', '2026-04-05 18:50:09'),
(471, 5, '1999-10-27', 1, '200.00', 'Casual', '2026-04-05 18:50:09', '2026-04-05 18:50:09'),
(472, 5, '1999-10-28', 1, '200.00', 'Casual', '2026-04-05 18:50:09', '2026-04-05 18:50:09'),
(473, 5, '1999-10-29', 1, '200.00', 'Casual', '2026-04-05 18:50:09', '2026-04-05 18:50:09'),
(474, 5, '1999-11-01', 1, '200.00', 'Casual', '2026-04-05 18:50:09', '2026-04-05 18:50:09'),
(475, 5, '1999-11-02', 1, '200.00', 'Casual', '2026-04-05 18:50:09', '2026-04-05 18:50:09'),
(476, 5, '1999-11-03', 1, '200.00', 'Casual', '2026-04-05 18:50:09', '2026-04-05 18:50:09'),
(477, 5, '1999-11-04', 1, '200.00', 'Casual', '2026-04-05 18:50:09', '2026-04-05 18:50:09'),
(478, 5, '1999-11-05', 1, '200.00', 'Casual', '2026-04-05 18:50:09', '2026-04-05 18:50:09'),
(479, 5, '1999-11-08', 1, '200.00', 'Casual', '2026-04-05 18:50:09', '2026-04-05 18:50:09'),
(480, 5, '1999-11-09', 1, '200.00', 'Casual', '2026-04-05 18:50:09', '2026-04-05 18:50:09'),
(481, 5, '1999-11-10', 1, '200.00', 'Casual', '2026-04-05 18:50:09', '2026-04-05 18:50:09'),
(482, 5, '1999-11-11', 1, '200.00', 'Casual', '2026-04-05 18:50:09', '2026-04-05 18:50:09'),
(483, 5, '1999-11-12', 1, '200.00', 'Casual', '2026-04-05 18:50:09', '2026-04-05 18:50:09'),
(484, 5, '1999-11-15', 1, '200.00', 'Casual', '2026-04-05 18:50:09', '2026-04-05 18:50:09'),
(485, 5, '1999-11-16', 1, '200.00', 'Casual', '2026-04-05 18:50:09', '2026-04-05 18:50:09'),
(486, 5, '1999-11-17', 1, '200.00', 'Casual', '2026-04-05 18:50:09', '2026-04-05 18:50:09'),
(487, 5, '1999-11-18', 1, '200.00', 'Casual', '2026-04-05 18:50:09', '2026-04-05 18:50:09'),
(488, 5, '1999-11-19', 1, '200.00', 'Casual', '2026-04-05 18:50:09', '2026-04-05 18:50:09'),
(489, 5, '1999-11-22', 1, '200.00', 'Casual', '2026-04-05 18:50:09', '2026-04-05 18:50:09'),
(490, 5, '1999-11-23', 1, '200.00', 'Casual', '2026-04-05 18:50:09', '2026-04-05 18:50:09'),
(491, 5, '1999-11-24', 1, '200.00', 'Casual', '2026-04-05 18:50:09', '2026-04-05 18:50:09'),
(492, 5, '1999-11-25', 1, '200.00', 'Casual', '2026-04-05 18:50:09', '2026-04-05 18:50:09'),
(493, 5, '1999-11-26', 1, '200.00', 'Casual', '2026-04-05 18:50:09', '2026-04-05 18:50:09'),
(494, 5, '1999-11-29', 1, '200.00', 'Casual', '2026-04-05 18:50:09', '2026-04-05 18:50:09'),
(495, 5, '1999-11-30', 1, '200.00', 'Casual', '2026-04-05 18:50:09', '2026-04-05 18:50:09'),
(496, 5, '1999-12-01', 1, '200.00', 'Casual', '2026-04-05 18:50:09', '2026-04-05 18:50:09'),
(497, 5, '1999-12-02', 1, '200.00', 'Casual', '2026-04-05 18:50:09', '2026-04-05 18:50:09'),
(498, 5, '1999-12-03', 1, '200.00', 'Casual', '2026-04-05 18:50:09', '2026-04-05 18:50:09'),
(499, 5, '1999-12-06', 1, '200.00', 'Casual', '2026-04-05 18:50:09', '2026-04-05 18:50:09'),
(500, 5, '1999-12-07', 1, '200.00', 'Casual', '2026-04-05 18:50:09', '2026-04-05 18:50:09'),
(501, 5, '1999-12-08', 1, '200.00', 'Casual', '2026-04-05 18:50:09', '2026-04-05 18:50:09'),
(502, 5, '1999-12-09', 1, '200.00', 'Casual', '2026-04-05 18:50:09', '2026-04-05 18:50:09'),
(503, 5, '1999-12-10', 1, '200.00', 'Casual', '2026-04-05 18:50:09', '2026-04-05 18:50:09'),
(504, 5, '1999-12-13', 1, '200.00', 'Casual', '2026-04-05 18:50:09', '2026-04-05 18:50:09'),
(505, 5, '1999-12-14', 1, '200.00', 'Casual', '2026-04-05 18:50:09', '2026-04-05 18:50:09'),
(506, 5, '1999-12-15', 1, '200.00', 'Casual', '2026-04-05 18:50:09', '2026-04-05 18:50:09'),
(507, 5, '1999-12-16', 1, '200.00', 'Casual', '2026-04-05 18:50:09', '2026-04-05 18:50:09'),
(508, 5, '1999-12-17', 1, '200.00', 'Casual', '2026-04-05 18:50:09', '2026-04-05 18:50:09'),
(509, 5, '1999-12-20', 1, '200.00', 'Casual', '2026-04-05 18:50:09', '2026-04-05 18:50:09'),
(510, 5, '1999-12-21', 1, '200.00', 'Casual', '2026-04-05 18:50:09', '2026-04-05 18:50:09'),
(511, 5, '1999-12-22', 1, '200.00', 'Casual', '2026-04-05 18:50:09', '2026-04-05 18:50:09'),
(512, 5, '1999-12-23', 1, '200.00', 'Casual', '2026-04-05 18:50:09', '2026-04-05 18:50:09'),
(513, 5, '1999-12-24', 1, '200.00', 'Casual', '2026-04-05 18:50:09', '2026-04-05 18:50:09'),
(514, 5, '1999-12-27', 1, '200.00', 'Casual', '2026-04-05 18:50:09', '2026-04-05 18:50:09'),
(515, 5, '1999-12-28', 1, '200.00', 'Casual', '2026-04-05 18:50:09', '2026-04-05 18:50:09'),
(516, 5, '1999-12-29', 1, '200.00', 'Casual', '2026-04-05 18:50:09', '2026-04-05 18:50:09'),
(517, 5, '1999-12-30', 1, '200.00', 'Casual', '2026-04-05 18:50:09', '2026-04-05 18:50:09'),
(518, 5, '1999-12-31', 1, '200.00', 'Casual', '2026-04-05 18:50:09', '2026-04-05 18:50:09');

-- --------------------------------------------------------

--
-- Table structure for table `cache`
--

CREATE TABLE `cache` (
  `key` varchar(255) COLLATE utf8mb4_unicode_ci NOT NULL,
  `value` mediumtext COLLATE utf8mb4_unicode_ci NOT NULL,
  `expiration` bigint NOT NULL
) ENGINE=InnoDB DEFAULT CHARSET=utf8mb4 COLLATE=utf8mb4_unicode_ci;

-- --------------------------------------------------------

--
-- Table structure for table `cache_locks`
--

CREATE TABLE `cache_locks` (
  `key` varchar(255) COLLATE utf8mb4_unicode_ci NOT NULL,
  `owner` varchar(255) COLLATE utf8mb4_unicode_ci NOT NULL,
  `expiration` bigint NOT NULL
) ENGINE=InnoDB DEFAULT CHARSET=utf8mb4 COLLATE=utf8mb4_unicode_ci;

-- --------------------------------------------------------

--
-- Table structure for table `date_range_salary_records`
--

CREATE TABLE `date_range_salary_records` (
  `id` bigint UNSIGNED NOT NULL,
  `employee_profile_id` bigint UNSIGNED NOT NULL,
  `start_date` date NOT NULL,
  `end_date` date NOT NULL,
  `working_days` int NOT NULL,
  `weekend_days` int NOT NULL,
  `salary` decimal(12,2) NOT NULL DEFAULT '0.00',
  `range_key` varchar(255) COLLATE utf8mb4_unicode_ci NOT NULL,
  `created_at` timestamp NULL DEFAULT NULL,
  `updated_at` timestamp NULL DEFAULT NULL,
  `designation_snapshot` varchar(255) COLLATE utf8mb4_unicode_ci DEFAULT NULL,
  `employment_status_snapshot` varchar(255) COLLATE utf8mb4_unicode_ci DEFAULT NULL,
  `station_place_of_assignment_snapshot` varchar(255) COLLATE utf8mb4_unicode_ci DEFAULT NULL,
  `branch_snapshot` varchar(255) COLLATE utf8mb4_unicode_ci DEFAULT NULL,
  `separation_date_snapshot` date DEFAULT NULL,
  `separation_cause_snapshot` varchar(255) COLLATE utf8mb4_unicode_ci DEFAULT NULL,
  `cause` varchar(255) COLLATE utf8mb4_unicode_ci DEFAULT NULL
) ENGINE=InnoDB DEFAULT CHARSET=utf8mb4 COLLATE=utf8mb4_unicode_ci;

--
-- Dumping data for table `date_range_salary_records`
--

INSERT INTO `date_range_salary_records` (`id`, `employee_profile_id`, `start_date`, `end_date`, `working_days`, `weekend_days`, `salary`, `range_key`, `created_at`, `updated_at`, `designation_snapshot`, `employment_status_snapshot`, `station_place_of_assignment_snapshot`, `branch_snapshot`, `separation_date_snapshot`, `separation_cause_snapshot`, `cause`) VALUES
(20, 2, '2024-01-01', '2024-12-31', 261, 104, '50000.00', '2_2024-01-01_2024-12-31', '2026-04-06 00:30:31', '2026-04-06 00:34:04', 'Project Architect', 'Contractual', '456 Oak Ave, Town', '', '2024-12-31', 'Retirement - Age', NULL),
(22, 3, '2024-06-01', '2024-12-31', 261, 104, '50000.00', '3_2024-06-01_2024-12-31', '2026-04-06 00:31:12', '2026-04-06 00:31:12', 'PIO', 'Permanent', 'DPWH', 'Local', '2024-12-31', 'Retirement - Age', NULL),
(23, 2, '2023-01-01', '2023-12-31', 261, 104, '50000.00', '2_2023-01-01_2023-12-31_test1', '2026-04-06 00:34:29', '2026-04-06 16:16:08', NULL, NULL, NULL, NULL, '2024-12-31', 'Retirement - Age', NULL),
(24, 2, '2025-01-01', '2025-12-31', 261, 104, '50000.00', '2_2025-01-01_2025-12-31_test2', '2026-04-06 00:34:29', '2026-04-06 00:34:29', NULL, NULL, NULL, NULL, '2024-12-31', 'Retirement - Age', NULL),
(38, 5, '1999-07-16', '1999-12-31', 121, 48, '200.00', '5_1999-07-16_1999-12-31', '2026-04-06 16:43:53', '2026-04-06 16:43:53', 'Utility Worker I', 'Casual', 'DPWH, 10th R.O., CDO', 'Nat\'l', NULL, '', NULL),
(39, 5, '2000-01-01', '2001-06-30', 390, 157, '220.00', '5_2000-01-01_2001-06-30', '2026-04-06 16:45:26', '2026-04-06 16:45:26', 'Utility Worker I', 'Casual', 'DPWH, 10th R.O., CDO', 'Nat\'l', NULL, '', NULL),
(40, 5, '2001-07-01', '2007-06-30', 1565, 626, '231.00', '5_2001-07-01_2007-06-30', '2026-04-06 16:47:41', '2026-04-06 16:47:41', 'Utility Worker I', 'Casual', 'DPWH, 10th R.O., CDO', 'Nat\'l', NULL, '', NULL),
(41, 5, '2007-07-01', '2008-06-30', 261, 105, '254.09', '5_2007-07-01_2008-06-30', '2026-04-06 16:49:07', '2026-04-06 16:49:07', 'Utility Worker I', 'Casual', 'DPWH, 10th R.O., CDO', 'Nat\'l', NULL, '', NULL),
(42, 5, '2008-07-01', '2009-06-30', 261, 104, '279.50', '5_2008-07-01_2009-06-30', '2026-04-06 16:50:06', '2026-04-06 16:50:06', 'Utility Worker I', 'Casual', 'DPWH, 10th R.O., CDO', 'Nat\'l', NULL, '', NULL),
(43, 5, '2009-07-01', '2010-06-23', 256, 102, '311.91', '5_2009-07-01_2010-06-23', '2026-04-06 16:51:30', '2026-04-06 16:51:30', 'Utility Worker I', 'Casual', 'DPWH, 10th R.O., CDO', 'Nat\'l', NULL, '', NULL),
(44, 5, '2010-06-24', '2010-07-31', 27, 11, '344.32', '5_2010-06-24_2010-07-31', '2026-04-06 16:52:09', '2026-04-06 16:52:09', 'Utility Worker I', 'Casual', 'DPWH, 10th R.O., CDO', 'Nat\'l', NULL, '', NULL),
(45, 5, '2010-08-01', '2011-05-31', 217, 87, '344.32', '5_2010-08-01_2011-05-31', '2026-04-06 16:53:43', '2026-04-06 16:53:43', 'Administrative Aide I', 'Casual', 'DPWH, 10th R.O., CDO', 'Nat\'l', NULL, '', NULL),
(46, 5, '2011-06-01', '2012-05-27', 258, 104, '376.68', '5_2011-06-01_2012-05-27', '2026-04-06 16:54:20', '2026-04-06 16:54:20', 'Administrative Aide I', 'Casual', 'DPWH, 10th R.O., CDO', 'Nat\'l', NULL, '', NULL),
(47, 5, '2012-05-28', '2012-05-31', 4, 0, '133740.00', '5_2012-05-28_2012-05-31', '2026-04-06 16:57:29', '2026-04-06 16:57:29', 'Const. & Maint. Capataz', 'Permanent', 'DPWH, CDOC-1ST DEO', 'Nat\'l', NULL, '', NULL),
(48, 5, '2012-06-01', '2015-05-27', 779, 312, '144228.00', '5_2012-06-01_2015-05-27', '2026-04-06 16:58:35', '2026-04-06 16:58:35', 'Const. & Maint. Capataz', 'Permanent', 'DPWH, CDOC-1ST DEO', 'Nat\'l', NULL, '', NULL),
(49, 5, '2015-05-28', '2015-12-31', 156, 62, '145668.00', '5_2015-05-28_2015-12-31', '2026-04-06 16:59:57', '2026-04-06 16:59:57', 'Const. & Maint. Capataz', 'Permanent', 'DPWH, CDOC-1ST DEO', 'Nat\'l', NULL, 'NOSI SG 5-2', NULL),
(50, 5, '2018-01-01', '2018-05-27', 105, 42, '163272.00', '5_2018-01-01_2018-05-27', '2026-04-06 17:02:45', '2026-04-06 17:02:45', 'Const. & Maint. Capataz', 'Permanent', 'DPWH, CDOC-1ST DEO', 'Nat\'l', NULL, '', NULL),
(51, 5, '2018-05-28', '2018-12-31', 156, 62, '164460.00', '5_2018-05-28_2018-12-31', '2026-04-06 17:03:57', '2026-04-06 17:03:57', 'Const. & Maint. Capataz', 'Permanent', 'DPWH, CDOC-1ST DEO', 'Nat\'l', NULL, 'NOSI SG 5-3', NULL),
(52, 5, '2021-01-01', '2021-05-27', 105, 42, '186132.00', '5_2021-01-01_2021-05-27', '2026-04-06 17:05:44', '2026-04-06 17:05:44', 'Const. & Maint. Capataz', 'Permanent', 'DPWH, CDOC-1ST DEO', 'Nat\'l', NULL, '', NULL),
(53, 5, '2021-05-28', '2021-12-31', 156, 62, '187560.00', '5_2021-05-28_2021-12-31', '2026-04-06 17:06:55', '2026-04-06 17:06:55', 'Const. & Maint. Capataz', 'Permanent', 'DPWH, CDOC-1ST DEO', 'Nat\'l', NULL, 'NOSI SG 5-4', NULL),
(54, 5, '2024-01-01', '2024-05-27', 106, 42, '211260.00', '5_2024-01-01_2024-05-27', '2026-04-06 17:08:36', '2026-04-06 17:08:36', 'Const. & Maint. Capataz', 'Permanent', 'DPWH, CDOC-1ST DEO', 'Nat\'l', NULL, '', NULL),
(55, 5, '2024-05-28', '2024-12-31', 156, 62, '212868.00', '5_2024-05-28_2024-12-31', '2026-04-06 17:09:31', '2026-04-06 17:09:31', 'Const. & Maint. Capataz', 'Permanent', 'DPWH, CDOC-1ST DEO', 'Nat\'l', NULL, 'NOSI SG 5-5', NULL);

-- --------------------------------------------------------

--
-- Table structure for table `employee_profiles`
--

CREATE TABLE `employee_profiles` (
  `id` bigint UNSIGNED NOT NULL,
  `position` varchar(255) COLLATE utf8mb4_unicode_ci DEFAULT NULL,
  `designation` varchar(255) COLLATE utf8mb4_unicode_ci DEFAULT NULL,
  `employment_status` varchar(255) COLLATE utf8mb4_unicode_ci DEFAULT NULL,
  `station_place_of_assignment` varchar(255) COLLATE utf8mb4_unicode_ci DEFAULT NULL,
  `branch` varchar(255) COLLATE utf8mb4_unicode_ci DEFAULT NULL,
  `separation_date` date DEFAULT NULL,
  `separation_cause` text COLLATE utf8mb4_unicode_ci,
  `birth_date` date DEFAULT NULL,
  `address` text COLLATE utf8mb4_unicode_ci,
  `base_salary` decimal(12,2) NOT NULL DEFAULT '0.00',
  `photo_path` varchar(255) COLLATE utf8mb4_unicode_ci DEFAULT NULL,
  `archived_at` timestamp NULL DEFAULT NULL,
  `created_at` timestamp NULL DEFAULT NULL,
  `updated_at` timestamp NULL DEFAULT NULL,
  `surname` varchar(255) COLLATE utf8mb4_unicode_ci NOT NULL,
  `given_name` varchar(255) COLLATE utf8mb4_unicode_ci NOT NULL,
  `middle_name` varchar(255) COLLATE utf8mb4_unicode_ci DEFAULT NULL
) ENGINE=InnoDB DEFAULT CHARSET=utf8mb4 COLLATE=utf8mb4_unicode_ci;

--
-- Dumping data for table `employee_profiles`
--

INSERT INTO `employee_profiles` (`id`, `position`, `designation`, `employment_status`, `station_place_of_assignment`, `branch`, `separation_date`, `separation_cause`, `birth_date`, `address`, `base_salary`, `photo_path`, `archived_at`, `created_at`, `updated_at`, `surname`, `given_name`, `middle_name`) VALUES
(2, 'Architect', 'Project Architect', 'Contractual', NULL, NULL, '2024-12-31', 'Retirement - Age', '1992-05-15', '456 Oak Ave, Town', '45000.00', NULL, '2026-04-05 17:10:14', '2026-04-05 16:58:41', '2026-04-06 00:30:48', 'Smith', 'Jane', 'Marie'),
(3, 'OJT', 'PIO', 'Permanent', 'DPWH', 'Local', '2024-12-31', 'Retirement - Age', '2003-02-08', 'Zone 7, Sinai Lauindingan Misamis Oriental', '10.00', 'profile_photos/B0DlnKcE8nVAioyPlfx4Y1RYAy9TlQZwwaQFdsig.jpg', NULL, '2026-04-05 17:11:53', '2026-04-06 00:31:12', 'Magsacay', 'James Patrick', 'Sembrano'),
(4, 'dfg', 'rty', 'Permanent', NULL, NULL, NULL, NULL, NULL, NULL, '900.00', 'profile_photos/iBLx6JUTPPsiumctCwnvFfNlaOtQLyx6midQjUOn.jpg', NULL, '2026-04-05 17:34:38', '2026-04-05 17:36:40', 'ers', 'ere', 'ersd'),
(5, 'Worker', 'Const. & Maint. Capataz', 'Permanent', 'DPWH, CDOC-1ST DEO', 'Nat\'l', NULL, NULL, '1964-03-10', 'Carmen, Cagayan de Oro City', '200.00', 'profile_photos/QR9Fsw9PSkvBnm6YkWcwqqeBk1LGjbCT1eVuocr6.png', NULL, '2026-04-05 18:47:19', '2026-04-06 17:10:03', 'WABE', 'NOEL', 'GABACA');

-- --------------------------------------------------------

--
-- Table structure for table `failed_jobs`
--

CREATE TABLE `failed_jobs` (
  `id` bigint UNSIGNED NOT NULL,
  `uuid` varchar(255) COLLATE utf8mb4_unicode_ci NOT NULL,
  `connection` text COLLATE utf8mb4_unicode_ci NOT NULL,
  `queue` text COLLATE utf8mb4_unicode_ci NOT NULL,
  `payload` longtext COLLATE utf8mb4_unicode_ci NOT NULL,
  `exception` longtext COLLATE utf8mb4_unicode_ci NOT NULL,
  `failed_at` timestamp NOT NULL DEFAULT CURRENT_TIMESTAMP
) ENGINE=InnoDB DEFAULT CHARSET=utf8mb4 COLLATE=utf8mb4_unicode_ci;

-- --------------------------------------------------------

--
-- Table structure for table `jobs`
--

CREATE TABLE `jobs` (
  `id` bigint UNSIGNED NOT NULL,
  `queue` varchar(255) COLLATE utf8mb4_unicode_ci NOT NULL,
  `payload` longtext COLLATE utf8mb4_unicode_ci NOT NULL,
  `attempts` tinyint UNSIGNED NOT NULL,
  `reserved_at` int UNSIGNED DEFAULT NULL,
  `available_at` int UNSIGNED NOT NULL,
  `created_at` int UNSIGNED NOT NULL
) ENGINE=InnoDB DEFAULT CHARSET=utf8mb4 COLLATE=utf8mb4_unicode_ci;

-- --------------------------------------------------------

--
-- Table structure for table `job_batches`
--

CREATE TABLE `job_batches` (
  `id` varchar(255) COLLATE utf8mb4_unicode_ci NOT NULL,
  `name` varchar(255) COLLATE utf8mb4_unicode_ci NOT NULL,
  `total_jobs` int NOT NULL,
  `pending_jobs` int NOT NULL,
  `failed_jobs` int NOT NULL,
  `failed_job_ids` longtext COLLATE utf8mb4_unicode_ci NOT NULL,
  `options` mediumtext COLLATE utf8mb4_unicode_ci,
  `cancelled_at` int DEFAULT NULL,
  `created_at` int NOT NULL,
  `finished_at` int DEFAULT NULL
) ENGINE=InnoDB DEFAULT CHARSET=utf8mb4 COLLATE=utf8mb4_unicode_ci;

-- --------------------------------------------------------

--
-- Table structure for table `migrations`
--

CREATE TABLE `migrations` (
  `id` int UNSIGNED NOT NULL,
  `migration` varchar(255) COLLATE utf8mb4_unicode_ci NOT NULL,
  `batch` int NOT NULL
) ENGINE=InnoDB DEFAULT CHARSET=utf8mb4 COLLATE=utf8mb4_unicode_ci;

--
-- Dumping data for table `migrations`
--

INSERT INTO `migrations` (`id`, `migration`, `batch`) VALUES
(1, '0001_01_01_000000_create_users_table', 1),
(2, '0001_01_01_000001_create_cache_table', 1),
(3, '0001_01_01_000002_create_jobs_table', 1),
(5, '2026_03_19_120000_create_personal_access_tokens_table', 1),
(6, '2026_03_19_123000_create_employee_profiles_table', 1),
(7, '2026_03_19_123100_create_attendance_records_table', 1),
(8, '2026_03_19_123200_create_yearly_salary_records_table', 1),
(9, '2026_03_23_010427_make_full_name_nullable_in_employee_profiles', 1),
(10, '2026_03_23_012329_update_employee_profile_fields_to_separate_names', 1),
(11, '2026_03_23_014854_change_full_name_to_separate_names_in_employee_profiles', 1),
(12, '2026_03_23_021332_create_service_records_table', 1),
(13, '2026_03_24_000001_add_service_record_fields_to_employee_profiles_table', 1),
(14, '2026_03_24_000003_drop_unused_tables_from_dp_schema', 1),
(15, '2026_03_24_000005_add_archived_at_to_employee_profiles_table', 1),
(16, '2026_03_26_add_snapshot_columns_to_yearly_salary_records', 1),
(17, '2026_03_28_create_date_range_salary_records_table', 1),
(18, '2026_03_29_000001_refine_column_types_for_accurate_storage', 1),
(19, '2026_03_29_120000_allow_multiple_yearly_salary_rows_per_status', 1),
(20, '2026_03_29_150000_add_daily_rate_to_attendance_records', 1),
(21, '2026_03_30_100000_add_employment_status_snapshot_to_attendance', 1),
(23, '2026_03_30_110000_yearly_salary_unique_per_status_only', 2),
(25, '2026_03_19_024121_create_projects_table', 3),
(26, '2026_04_06_add_snapshot_columns_to_date_range_salary_records', 4),
(27, '2026_04_06_082037_add_separation_snapshots_to_date_range_salary_records', 5),
(28, '2026_04_06_083621_add_cause_to_yearly_and_date_range_records', 6);

-- --------------------------------------------------------

--
-- Table structure for table `password_reset_tokens`
--

CREATE TABLE `password_reset_tokens` (
  `email` varchar(255) COLLATE utf8mb4_unicode_ci NOT NULL,
  `token` varchar(255) COLLATE utf8mb4_unicode_ci NOT NULL,
  `created_at` timestamp NULL DEFAULT NULL
) ENGINE=InnoDB DEFAULT CHARSET=utf8mb4 COLLATE=utf8mb4_unicode_ci;

-- --------------------------------------------------------

--
-- Table structure for table `personal_access_tokens`
--

CREATE TABLE `personal_access_tokens` (
  `id` bigint UNSIGNED NOT NULL,
  `tokenable_type` varchar(255) COLLATE utf8mb4_unicode_ci NOT NULL,
  `tokenable_id` bigint UNSIGNED NOT NULL,
  `name` varchar(255) COLLATE utf8mb4_unicode_ci NOT NULL,
  `token` varchar(64) COLLATE utf8mb4_unicode_ci NOT NULL,
  `abilities` text COLLATE utf8mb4_unicode_ci,
  `last_used_at` timestamp NULL DEFAULT NULL,
  `expires_at` timestamp NULL DEFAULT NULL,
  `created_at` timestamp NULL DEFAULT NULL,
  `updated_at` timestamp NULL DEFAULT NULL
) ENGINE=InnoDB DEFAULT CHARSET=utf8mb4 COLLATE=utf8mb4_unicode_ci;

--
-- Dumping data for table `personal_access_tokens`
--

INSERT INTO `personal_access_tokens` (`id`, `tokenable_type`, `tokenable_id`, `name`, `token`, `abilities`, `last_used_at`, `expires_at`, `created_at`, `updated_at`) VALUES
(1, 'App\\Models\\User', 1, 'Mozilla/5.0 (Windows NT 10.0; Win64; x64) AppleWebKit/537.36 (KHTML, like Gecko) Chrome/146.0.0.0 Safari/537.36', 'bbe92038e8a985bb4258ca749253dd4e0d82c777a4fa97aa3a197c7df0db214c', '[\"*\"]', '2026-04-05 01:37:19', NULL, '2026-04-05 01:37:09', '2026-04-05 01:37:19'),
(2, 'App\\Models\\User', 1, 'Mozilla/5.0 (Windows NT 10.0; Win64; x64) AppleWebKit/537.36 (KHTML, like Gecko) Chrome/146.0.0.0 Safari/537.36', 'ef11415095ae65d0eb6a0de11e97f8ccc917afa1317fe495f71747cc4e280bc5', '[\"*\"]', '2026-04-05 16:20:57', NULL, '2026-04-05 16:20:33', '2026-04-05 16:20:57'),
(3, 'App\\Models\\User', 2, 'Mozilla/5.0 (Windows NT; Windows NT 10.0; en-PH) WindowsPowerShell/5.1.19041.6456', '0bb1d0fb6042a622fe53a0322059189f30a2bd826ce746f018bb72e4f076f353', '[\"*\"]', NULL, NULL, '2026-04-05 17:06:10', '2026-04-05 17:06:10'),
(4, 'App\\Models\\User', 1, 'Mozilla/5.0 (Windows NT 10.0; Win64; x64) AppleWebKit/537.36 (KHTML, like Gecko) Chrome/146.0.0.0 Safari/537.36', '191cbb91cf56673ab2775179bca6c51a8fd7c0b94df4fcc2538d404a8650d953', '[\"*\"]', '2026-04-05 18:07:10', NULL, '2026-04-05 17:09:35', '2026-04-05 18:07:10'),
(7, 'App\\Models\\User', 1, 'Mozilla/5.0 (Windows NT 10.0; Win64; x64) AppleWebKit/537.36 (KHTML, like Gecko) Chrome/146.0.0.0 Safari/537.36', '6400e6a10b6b0581a0efe03076a1487cfabf162a326b673d802416e3deadcab7', '[\"*\"]', '2026-04-05 21:14:08', NULL, '2026-04-05 18:39:00', '2026-04-05 21:14:08'),
(8, 'App\\Models\\User', 1, 'Mozilla/5.0 (Windows NT 10.0; Win64; x64) AppleWebKit/537.36 (KHTML, like Gecko) Chrome/146.0.0.0 Safari/537.36', '9574ef6109bf498ed30f0217783ac0c7bea180c332b963eab60d29031fef6be6', '[\"*\"]', '2026-04-05 21:34:07', NULL, '2026-04-05 21:22:54', '2026-04-05 21:34:07'),
(9, 'App\\Models\\User', 1, 'Mozilla/5.0 (Windows NT 10.0; Win64; x64) AppleWebKit/537.36 (KHTML, like Gecko) Chrome/146.0.0.0 Safari/537.36', 'd74afea27ffab7dc76ca1299542cc5c2f61682cb81da09d1c9b4860b1727f57c', '[\"*\"]', '2026-04-05 23:10:22', NULL, '2026-04-05 21:34:34', '2026-04-05 23:10:22'),
(10, 'App\\Models\\User', 1, 'Mozilla/5.0 (Windows NT 10.0; Win64; x64) AppleWebKit/537.36 (KHTML, like Gecko) Chrome/146.0.0.0 Safari/537.36', '1cc9eea166c0a0cd38edd1a8e6314a6dfab68bc9bcf29ec196e6080a75f82551', '[\"*\"]', '2026-04-06 00:25:55', NULL, '2026-04-05 23:37:05', '2026-04-06 00:25:55'),
(11, 'App\\Models\\User', 2, 'Mozilla/5.0 (Windows NT; Windows NT 10.0; en-PH) WindowsPowerShell/5.1.19041.6456', '6d370899bfdf96cbeabb3c407ba0daf14bce626d1f004de2bfb90ead582df51c', '[\"*\"]', NULL, NULL, '2026-04-05 23:37:27', '2026-04-05 23:37:27'),
(12, 'App\\Models\\User', 1, 'Mozilla/5.0 (Windows NT 10.0; Win64; x64) AppleWebKit/537.36 (KHTML, like Gecko) Chrome/146.0.0.0 Safari/537.36', 'b984b12f738350dbe22507cbca5a4aeed0e8b62579f25c4b75b6937596feb3f3', '[\"*\"]', '2026-04-06 00:41:36', NULL, '2026-04-06 00:26:11', '2026-04-06 00:41:36'),
(14, 'App\\Models\\User', 1, 'Mozilla/5.0 (Windows NT 10.0; Win64; x64) AppleWebKit/537.36 (KHTML, like Gecko) Chrome/146.0.0.0 Safari/537.36', 'c94180bb63dddd619016b43b32eff76914cd65d3dfa712a50bd80f9940e99513', '[\"*\"]', '2026-04-06 18:27:43', NULL, '2026-04-06 16:16:42', '2026-04-06 18:27:43'),
(15, 'App\\Models\\User', 1, 'Mozilla/5.0 (Windows NT 10.0; Win64; x64) AppleWebKit/537.36 (KHTML, like Gecko) Chrome/146.0.0.0 Safari/537.36', '85085b8787473cf6d7bcaa40274cda33bbd591c0a504dc0562c47e0a6d556a8a', '[\"*\"]', '2026-04-06 18:53:08', NULL, '2026-04-06 18:53:06', '2026-04-06 18:53:08');

-- --------------------------------------------------------

--
-- Table structure for table `projects`
--

CREATE TABLE `projects` (
  `id` bigint UNSIGNED NOT NULL,
  `name` varchar(255) COLLATE utf8mb4_unicode_ci NOT NULL,
  `description` text COLLATE utf8mb4_unicode_ci,
  `location` varchar(255) COLLATE utf8mb4_unicode_ci NOT NULL,
  `budget` decimal(15,2) NOT NULL,
  `start_date` date NOT NULL,
  `end_date` date NOT NULL,
  `status` varchar(255) COLLATE utf8mb4_unicode_ci NOT NULL DEFAULT 'ongoing',
  `contractor` varchar(255) COLLATE utf8mb4_unicode_ci DEFAULT NULL,
  `created_at` timestamp NULL DEFAULT NULL,
  `updated_at` timestamp NULL DEFAULT NULL
) ENGINE=InnoDB DEFAULT CHARSET=utf8mb4 COLLATE=utf8mb4_unicode_ci;

--
-- Dumping data for table `projects`
--

INSERT INTO `projects` (`id`, `name`, `description`, `location`, `budget`, `start_date`, `end_date`, `status`, `contractor`, `created_at`, `updated_at`) VALUES
(1, 'Test Project', 'Test Description', 'Test Location', '1000000.00', '2024-01-01', '2024-12-31', 'ongoing', 'Test Contractor', '2026-04-05 01:36:38', '2026-04-05 01:36:38');

-- --------------------------------------------------------

--
-- Table structure for table `sessions`
--

CREATE TABLE `sessions` (
  `id` varchar(255) COLLATE utf8mb4_unicode_ci NOT NULL,
  `user_id` bigint UNSIGNED DEFAULT NULL,
  `ip_address` varchar(45) COLLATE utf8mb4_unicode_ci DEFAULT NULL,
  `user_agent` text COLLATE utf8mb4_unicode_ci,
  `payload` longtext COLLATE utf8mb4_unicode_ci NOT NULL,
  `last_activity` int NOT NULL
) ENGINE=InnoDB DEFAULT CHARSET=utf8mb4 COLLATE=utf8mb4_unicode_ci;

--
-- Dumping data for table `sessions`
--

INSERT INTO `sessions` (`id`, `user_id`, `ip_address`, `user_agent`, `payload`, `last_activity`) VALUES
('4n8g3Dcubika2R8afnt4hXeooDpSrmvEfP86lpZn', NULL, '127.0.0.1', 'Mozilla/5.0 (Windows NT; Windows NT 10.0; en-PH) WindowsPowerShell/5.1.19041.6456', 'eyJfdG9rZW4iOiJxeHlJTDl2Y2xYVjkxY0tvdzlrVWppcU5COFlyZnhCcTZiWEhXVlJiIiwiX3ByZXZpb3VzIjp7InVybCI6Imh0dHA6XC9cLzEyNy4wLjAuMTo4MDAwXC9sb2dpbiIsInJvdXRlIjoibG9naW4ifSwiX2ZsYXNoIjp7Im9sZCI6W10sIm5ldyI6W119fQ==', 1775454012),
('b4Z4BpSczAJFlHr7AjLiOEpeUhyngO4VV0U2U610', NULL, '127.0.0.1', 'Mozilla/5.0 (Windows NT 10.0; Win64; x64) AppleWebKit/537.36 (KHTML, like Gecko) Chrome/146.0.0.0 Safari/537.36', 'eyJfdG9rZW4iOiJqNHMzQVhEWUcxZWQ5bDlaUTQ2YzU5ZndMR3RlRUEwSnBCVGc0U2ptIiwiX3ByZXZpb3VzIjp7InVybCI6Imh0dHA6XC9cL2xvY2FsaG9zdDo4MDAwIiwicm91dGUiOm51bGx9LCJfZmxhc2giOnsib2xkIjpbXSwibmV3IjpbXX19', 1775437262),
('bmkfVs5m3C4mqCpi7dhFY5zYpqQXXvtiDZwDzQRz', NULL, '127.0.0.1', 'Mozilla/5.0 (Windows NT; Windows NT 10.0; en-PH) WindowsPowerShell/5.1.19041.6456', 'eyJfdG9rZW4iOiIybjAwUVBDcDhabWlJSUZ4S3k1b01TS1JBWG84T3kwT1NjODV5dDFGIiwiX3ByZXZpb3VzIjp7InVybCI6Imh0dHA6XC9cLzEyNy4wLjAuMTo4MDAyXC9sb2dpbiIsInJvdXRlIjoibG9naW4ifSwiX2ZsYXNoIjp7Im9sZCI6W10sIm5ldyI6W119fQ==', 1775460819),
('CSzeCzOfbVpkTtX8UXzJqopPi8wmqgdEV3KiVAfH', NULL, '127.0.0.1', 'Mozilla/5.0 (Windows NT; Windows NT 10.0; en-PH) WindowsPowerShell/5.1.19041.6456', 'eyJfdG9rZW4iOiJmb0hFR0pHcmdINWNQcUhCMjRIYkprN01yWU5NdXlnZ1JuRGNJMU9EIiwiX3ByZXZpb3VzIjp7InVybCI6Imh0dHA6XC9cLzEyNy4wLjAuMTo4MDAwXC9sb2dpbiIsInJvdXRlIjoibG9naW4ifSwiX2ZsYXNoIjp7Im9sZCI6W10sIm5ldyI6W119fQ==', 1775454197),
('fFF4tDVeGOW2rKkgk6rk99lCZ3UnqxWPYKT18YgL', NULL, '127.0.0.1', 'Mozilla/5.0 (Windows NT; Windows NT 10.0; en-PH) WindowsPowerShell/5.1.19041.6456', 'eyJfdG9rZW4iOiJQQWpGbThkcVNmekRKUjlEVzlHYmMzS3lrc3Jic0d3NmwxbkRBUnhFIiwiX3ByZXZpb3VzIjp7InVybCI6Imh0dHA6XC9cLzEyNy4wLjAuMTo4MDAxXC9sb2dpbiIsInJvdXRlIjoibG9naW4ifSwiX2ZsYXNoIjp7Im9sZCI6W10sIm5ldyI6W119fQ==', 1775459052),
('fNQyyrBQKATAY6K4v9Kn5jIdmJImCmIBuohQqfCI', NULL, '127.0.0.1', 'Mozilla/5.0 (Windows NT; Windows NT 10.0; en-PH) WindowsPowerShell/5.1.19041.6456', 'eyJfdG9rZW4iOiJjUFRQMFdLR2JCdEU5MExqMVZaSnZDTEZVVUJiMXViSkM5dEp4RXBiIiwiX3ByZXZpb3VzIjp7InVybCI6Imh0dHA6XC9cLzEyNy4wLjAuMTo4MDAwXC90ZXN0LnBocCIsInJvdXRlIjpudWxsfSwiX2ZsYXNoIjp7Im9sZCI6W10sIm5ldyI6W119fQ==', 1775454275),
('GfotouERfAArHAz3ZjXBGNNDNS3KZABvS0p1i3BE', NULL, '127.0.0.1', 'Mozilla/5.0 (Windows NT; Windows NT 10.0; en-PH) WindowsPowerShell/5.1.19041.6456', 'eyJfdG9rZW4iOiJ1MXJjMDR5QkY5dGR1cWM5SURoYmFER2xJck9UT2l6U3JRUlI2aFFUIiwiX3ByZXZpb3VzIjp7InVybCI6Imh0dHA6XC9cLzEyNy4wLjAuMTo4MDAwXC9sb2dpbiIsInJvdXRlIjoibG9naW4ifSwiX2ZsYXNoIjp7Im9sZCI6W10sIm5ldyI6W119fQ==', 1775454230),
('mBkiv0ZATEI45vg0e59BwJ7dWP2c7SgzPCe8CQnc', NULL, '127.0.0.1', 'Mozilla/5.0 (Windows NT; Windows NT 10.0; en-PH) WindowsPowerShell/5.1.19041.6456', 'eyJfdG9rZW4iOiJvYWYxbVNENWxxdmxGZmpMWFZDelZDVUJvZXEzS3gzTjhFeFJoM3ZmIiwiX3ByZXZpb3VzIjp7InVybCI6Imh0dHA6XC9cLzEyNy4wLjAuMTo4MDAwXC9sb2dpbiIsInJvdXRlIjoibG9naW4ifSwiX2ZsYXNoIjp7Im9sZCI6W10sIm5ldyI6W119fQ==', 1775458389),
('NyEo26rPnmyLY0QDJi61p6FmxQ8p4BX8I9GRpsCN', NULL, '127.0.0.1', 'Mozilla/5.0 (Windows NT; Windows NT 10.0; en-PH) WindowsPowerShell/5.1.19041.6456', 'eyJfdG9rZW4iOiJVSjVGV0JXazhJemxpbWxRM1FpajVlZmlCVUl3Y3A1dU1kS2xiTm9LIiwiX3ByZXZpb3VzIjp7InVybCI6Imh0dHA6XC9cLzEyNy4wLjAuMTo4MDAwXC9sb2dpbiIsInJvdXRlIjoibG9naW4ifSwiX2ZsYXNoIjp7Im9sZCI6W10sIm5ldyI6W119fQ==', 1775458267),
('Nyo6K1Rm92Rhl4SzkVZ1ZTSPdUEGLdw1pV230nOP', NULL, '127.0.0.1', 'Mozilla/5.0 (Windows NT; Windows NT 10.0; en-PH) WindowsPowerShell/5.1.19041.6456', 'eyJfdG9rZW4iOiJnNXVnMktENXhjN2JKUFZxSzNLRXVJOXRiUWpHT1k5TWZRNzU1MVk4IiwiX3ByZXZpb3VzIjp7InVybCI6Imh0dHA6XC9cLzEyNy4wLjAuMTo4MDAyXC9sb2dpbiIsInJvdXRlIjoibG9naW4ifSwiX2ZsYXNoIjp7Im9sZCI6W10sIm5ldyI6W119fQ==', 1775460458),
('RDoVPOwn72AcPyNF980OSjKZl5EOn3uQ59VFmaip', NULL, '127.0.0.1', 'Mozilla/5.0 (Windows NT; Windows NT 10.0; en-PH) WindowsPowerShell/5.1.19041.6456', 'eyJfdG9rZW4iOiJ3QXo2ZTVrRlRwUkgzUTI2cWpSTTRaU3VITmd5WDc4YVM0TFUyYWc1IiwiX3ByZXZpb3VzIjp7InVybCI6Imh0dHA6XC9cLzEyNy4wLjAuMTo4MDAwIiwicm91dGUiOm51bGx9LCJfZmxhc2giOnsib2xkIjpbXSwibmV3IjpbXX19', 1775437138),
('SuPYZ0CrBVbukhrsshs6bkbyEeuNjmpIUwksUOmb', NULL, '127.0.0.1', 'Mozilla/5.0 (Windows NT; Windows NT 10.0; en-PH) WindowsPowerShell/5.1.19041.6456', 'eyJfdG9rZW4iOiIwMHpOdzVWRTZpNEc5bVpzMzNJUVJRVnZGS09SakxSQVVQY1RyaTQ5IiwiX3ByZXZpb3VzIjp7InVybCI6Imh0dHA6XC9cLzEyNy4wLjAuMTo4MDAxXC9sb2dpbiIsInJvdXRlIjoibG9naW4ifSwiX2ZsYXNoIjp7Im9sZCI6W10sIm5ldyI6W119fQ==', 1775460338),
('TQaV6LXNTX3iRl01bYopelfE2f5acadsiXVqjmpu', NULL, '127.0.0.1', 'Mozilla/5.0 (Windows NT; Windows NT 10.0; en-PH) WindowsPowerShell/5.1.19041.6456', 'eyJfdG9rZW4iOiJIYkpFQVBPNXNLQmJTWWExQlhHZ1ZsZFRha1NpSjcxeHR0T3RteWo2IiwiX3ByZXZpb3VzIjp7InVybCI6Imh0dHA6XC9cLzEyNy4wLjAuMTo4MDAwXC9sb2dpbiIsInJvdXRlIjoibG9naW4ifSwiX2ZsYXNoIjp7Im9sZCI6W10sIm5ldyI6W119fQ==', 1775458420),
('WZ0P0PaSnSJBdMZmZWANNk00oR1qGraZKDqqh4OX', NULL, '127.0.0.1', 'Mozilla/5.0 (Windows NT; Windows NT 10.0; en-PH) WindowsPowerShell/5.1.19041.6456', 'eyJfdG9rZW4iOiI5eXNuNjdzcGI1aXBJTFlsZTloNTlDdWRkYVI4T1FsVmhMb1lEZFRxIiwiX3ByZXZpb3VzIjp7InVybCI6Imh0dHA6XC9cLzEyNy4wLjAuMTo4MDAwXC9sb2dpbiIsInJvdXRlIjoibG9naW4ifSwiX2ZsYXNoIjp7Im9sZCI6W10sIm5ldyI6W119fQ==', 1775437008),
('YjDid4RzJKsK1DwKGOcQR6YOzUc2TgmJTxs3Dhrp', NULL, '127.0.0.1', 'Mozilla/5.0 (Windows NT; Windows NT 10.0; en-PH) WindowsPowerShell/5.1.19041.6456', 'eyJfdG9rZW4iOiJVWmhZV1NnQ0J2WGFKNkVCSlVCM0ZtYWhhcmJOUmplRTZWZjJpQmZTIiwiX3ByZXZpb3VzIjp7InVybCI6Imh0dHA6XC9cLzEyNy4wLjAuMTo4MDAxXC9sb2dpbiIsInJvdXRlIjoibG9naW4ifSwiX2ZsYXNoIjp7Im9sZCI6W10sIm5ldyI6W119fQ==', 1775458497),
('yv3Li8RD2sFfkap4tWEMh6Vg0pcaHy08ik6uilUQ', NULL, '127.0.0.1', 'Mozilla/5.0 (Windows NT; Windows NT 10.0; en-PH) WindowsPowerShell/5.1.19041.6456', 'eyJfdG9rZW4iOiJISTVXcDloclR5QTNlQ1kzUHFhU3Zqd1BmcWhsSGU5SmZtd3ROaVVGIiwiX3ByZXZpb3VzIjp7InVybCI6Imh0dHA6XC9cLzEyNy4wLjAuMTo4MDAwXC9sb2dpbiIsInJvdXRlIjoibG9naW4ifSwiX2ZsYXNoIjp7Im9sZCI6W10sIm5ldyI6W119fQ==', 1775453940);

-- --------------------------------------------------------

--
-- Table structure for table `users`
--

CREATE TABLE `users` (
  `id` bigint UNSIGNED NOT NULL,
  `name` varchar(255) COLLATE utf8mb4_unicode_ci NOT NULL,
  `email` varchar(255) COLLATE utf8mb4_unicode_ci NOT NULL,
  `email_verified_at` timestamp NULL DEFAULT NULL,
  `password` varchar(255) COLLATE utf8mb4_unicode_ci NOT NULL,
  `remember_token` varchar(100) COLLATE utf8mb4_unicode_ci DEFAULT NULL,
  `created_at` timestamp NULL DEFAULT NULL,
  `updated_at` timestamp NULL DEFAULT NULL
) ENGINE=InnoDB DEFAULT CHARSET=utf8mb4 COLLATE=utf8mb4_unicode_ci;

--
-- Dumping data for table `users`
--

INSERT INTO `users` (`id`, `name`, `email`, `email_verified_at`, `password`, `remember_token`, `created_at`, `updated_at`) VALUES
(1, 'james', 'james@gmail.com', NULL, '$2y$12$rZAH1dvAQxGLNdjVUNV1Q.tJ/Wju1dLOLG7iI/rnTBj4q/kZY1S86', NULL, '2026-04-05 01:37:09', '2026-04-05 01:37:09'),
(2, 'Test User', 'test@example.com', NULL, '$2y$12$QvtTu0brYCLzeen6/Cn0SuOIGjc1dQGO78ZvokmVEMO3pREGQ6SY2', NULL, '2026-04-05 17:03:13', '2026-04-05 17:03:13');

-- --------------------------------------------------------

--
-- Table structure for table `yearly_salary_records`
--

CREATE TABLE `yearly_salary_records` (
  `id` bigint UNSIGNED NOT NULL,
  `employee_profile_id` bigint UNSIGNED NOT NULL,
  `year` smallint UNSIGNED NOT NULL,
  `salary` decimal(12,2) NOT NULL DEFAULT '0.00',
  `created_at` timestamp NULL DEFAULT NULL,
  `updated_at` timestamp NULL DEFAULT NULL,
  `designation_snapshot` varchar(255) COLLATE utf8mb4_unicode_ci DEFAULT NULL,
  `employment_status_snapshot` varchar(255) COLLATE utf8mb4_unicode_ci DEFAULT NULL,
  `station_place_of_assignment_snapshot` varchar(255) COLLATE utf8mb4_unicode_ci DEFAULT NULL,
  `branch_snapshot` varchar(255) COLLATE utf8mb4_unicode_ci DEFAULT NULL,
  `separation_date_snapshot` date DEFAULT NULL,
  `separation_cause_snapshot` varchar(255) COLLATE utf8mb4_unicode_ci DEFAULT NULL,
  `cause` varchar(255) COLLATE utf8mb4_unicode_ci DEFAULT NULL
) ENGINE=InnoDB DEFAULT CHARSET=utf8mb4 COLLATE=utf8mb4_unicode_ci;

--
-- Dumping data for table `yearly_salary_records`
--

INSERT INTO `yearly_salary_records` (`id`, `employee_profile_id`, `year`, `salary`, `created_at`, `updated_at`, `designation_snapshot`, `employment_status_snapshot`, `station_place_of_assignment_snapshot`, `branch_snapshot`, `separation_date_snapshot`, `separation_cause_snapshot`, `cause`) VALUES
(1, 3, 2026, '450.00', '2026-04-05 17:12:53', '2026-04-06 16:15:53', '', 'Casual', 'DPWH', 'Local', '2024-12-31', 'Retirement - Age', NULL),
(2, 3, 2026, '40.00', '2026-04-05 17:14:19', '2026-04-06 16:15:53', '', 'Permanent', 'DPWH', 'Local', '2024-12-31', 'Retirement - Age', NULL),
(3, 4, 2025, '98100.00', '2026-04-05 17:42:00', '2026-04-06 16:15:53', '', 'Permanent', '', '', NULL, '', NULL),
(4, 4, 2025, '560.00', '2026-04-05 17:42:15', '2026-04-06 16:15:53', '', 'casual', '', '', NULL, '', NULL),
(5, 4, 2026, '61200.00', '2026-04-05 17:43:07', '2026-04-06 16:15:53', '', 'Permanent', '', '', NULL, '', NULL),
(6, 3, 2000, '564.00', '2026-04-05 18:02:54', '2026-04-06 16:15:53', '', 'Casual', 'DPWH', 'Local', '2024-12-31', 'Retirement - Age', NULL),
(18, 2, 2024, '55000.00', '2026-04-06 00:39:56', '2026-04-06 16:15:53', NULL, 'Permanent', NULL, NULL, '2024-12-31', 'Retirement - Age', 'Promotion'),
(23, 5, 2016, '151728.00', '2026-04-06 17:00:53', '2026-04-06 17:00:53', '', 'Permanent', 'DPWH, CDOC-1ST DEO', 'Nat\'l', NULL, '', NULL),
(24, 5, 2017, '157404.00', '2026-04-06 17:01:35', '2026-04-06 17:01:35', '', 'Permanent', 'DPWH, CDOC-1ST DEO', 'Nat\'l', NULL, '', NULL),
(25, 5, 2019, '170676.00', '2026-04-06 17:04:35', '2026-04-06 17:04:35', '', 'Permanent', 'DPWH, CDOC-1ST DEO', 'Nat\'l', NULL, '', NULL),
(26, 5, 2020, '178404.00', '2026-04-06 17:05:15', '2026-04-06 17:05:15', '', 'Permanent', 'DPWH, CDOC-1ST DEO', 'Nat\'l', NULL, '', NULL),
(27, 5, 2022, '195348.00', '2026-04-06 17:07:42', '2026-04-06 17:07:42', '', 'Permanent', 'DPWH, CDOC-1ST DEO', 'Nat\'l', NULL, '', NULL),
(28, 5, 2023, '203136.00', '2026-04-06 17:08:01', '2026-04-06 17:08:01', '', 'Permanent', 'DPWH, CDOC-1ST DEO', 'Nat\'l', NULL, '', NULL),
(29, 5, 2025, '220812.00', '2026-04-06 17:10:20', '2026-04-06 17:10:20', '', 'Permanent', 'DPWH, CDOC-1ST DEO', 'Nat\'l', NULL, '', NULL),
(30, 5, 2026, '229644.00', '2026-04-06 17:10:56', '2026-04-06 17:10:56', '', 'Permanent', 'DPWH, CDOC-1ST DEO', 'Nat\'l', NULL, '', NULL),
(31, 5, 1987, '5656.00', '2026-04-06 18:12:43', '2026-04-06 18:12:47', '', 'Permanent', 'DPWH, CDOC-1ST DEO', 'Nat\'l', NULL, '', NULL),
(32, 5, 1996, '4566.00', '2026-04-06 18:13:54', '2026-04-06 18:13:54', '', 'Permanent', 'DPWH, CDOC-1ST DEO', 'Nat\'l', NULL, '', NULL),
(33, 5, 2000, '3434.00', '2026-04-06 18:14:34', '2026-04-06 18:14:34', '', 'Permanent', 'DPWH, CDOC-1ST DEO', 'Nat\'l', NULL, '', NULL),
(34, 5, 1978, '455.00', '2026-04-06 18:14:51', '2026-04-06 18:14:51', '', 'Permanent', 'DPWH, CDOC-1ST DEO', 'Nat\'l', NULL, '', NULL);

--
-- Indexes for dumped tables
--

--
-- Indexes for table `attendance_records`
--
ALTER TABLE `attendance_records`
  ADD PRIMARY KEY (`id`),
  ADD UNIQUE KEY `attendance_records_employee_profile_id_date_unique` (`employee_profile_id`,`date`);

--
-- Indexes for table `cache`
--
ALTER TABLE `cache`
  ADD PRIMARY KEY (`key`),
  ADD KEY `cache_expiration_index` (`expiration`);

--
-- Indexes for table `cache_locks`
--
ALTER TABLE `cache_locks`
  ADD PRIMARY KEY (`key`),
  ADD KEY `cache_locks_expiration_index` (`expiration`);

--
-- Indexes for table `date_range_salary_records`
--
ALTER TABLE `date_range_salary_records`
  ADD PRIMARY KEY (`id`),
  ADD UNIQUE KEY `date_range_salary_records_range_key_unique` (`range_key`),
  ADD KEY `date_range_salary_records_employee_profile_id_start_date_index` (`employee_profile_id`,`start_date`),
  ADD KEY `date_range_salary_records_employee_profile_id_end_date_index` (`employee_profile_id`,`end_date`);

--
-- Indexes for table `employee_profiles`
--
ALTER TABLE `employee_profiles`
  ADD PRIMARY KEY (`id`),
  ADD KEY `employee_profiles_archived_at_index` (`archived_at`),
  ADD KEY `employee_profiles_name_lookup_idx` (`surname`,`given_name`);

--
-- Indexes for table `failed_jobs`
--
ALTER TABLE `failed_jobs`
  ADD PRIMARY KEY (`id`),
  ADD UNIQUE KEY `failed_jobs_uuid_unique` (`uuid`);

--
-- Indexes for table `jobs`
--
ALTER TABLE `jobs`
  ADD PRIMARY KEY (`id`),
  ADD KEY `jobs_queue_index` (`queue`);

--
-- Indexes for table `job_batches`
--
ALTER TABLE `job_batches`
  ADD PRIMARY KEY (`id`);

--
-- Indexes for table `migrations`
--
ALTER TABLE `migrations`
  ADD PRIMARY KEY (`id`);

--
-- Indexes for table `password_reset_tokens`
--
ALTER TABLE `password_reset_tokens`
  ADD PRIMARY KEY (`email`);

--
-- Indexes for table `personal_access_tokens`
--
ALTER TABLE `personal_access_tokens`
  ADD PRIMARY KEY (`id`),
  ADD UNIQUE KEY `personal_access_tokens_token_unique` (`token`),
  ADD KEY `personal_access_tokens_tokenable_type_tokenable_id_index` (`tokenable_type`,`tokenable_id`);

--
-- Indexes for table `projects`
--
ALTER TABLE `projects`
  ADD PRIMARY KEY (`id`);

--
-- Indexes for table `sessions`
--
ALTER TABLE `sessions`
  ADD PRIMARY KEY (`id`),
  ADD KEY `sessions_user_id_index` (`user_id`),
  ADD KEY `sessions_last_activity_index` (`last_activity`);

--
-- Indexes for table `users`
--
ALTER TABLE `users`
  ADD PRIMARY KEY (`id`),
  ADD UNIQUE KEY `users_email_unique` (`email`);

--
-- Indexes for table `yearly_salary_records`
--
ALTER TABLE `yearly_salary_records`
  ADD PRIMARY KEY (`id`),
  ADD UNIQUE KEY `yearly_salary_emp_year_status_unique` (`employee_profile_id`,`year`,`employment_status_snapshot`),
  ADD KEY `yearly_salary_records_employee_profile_id_index` (`employee_profile_id`);

--
-- AUTO_INCREMENT for dumped tables
--

--
-- AUTO_INCREMENT for table `attendance_records`
--
ALTER TABLE `attendance_records`
  MODIFY `id` bigint UNSIGNED NOT NULL AUTO_INCREMENT, AUTO_INCREMENT=909;

--
-- AUTO_INCREMENT for table `date_range_salary_records`
--
ALTER TABLE `date_range_salary_records`
  MODIFY `id` bigint UNSIGNED NOT NULL AUTO_INCREMENT, AUTO_INCREMENT=56;

--
-- AUTO_INCREMENT for table `employee_profiles`
--
ALTER TABLE `employee_profiles`
  MODIFY `id` bigint UNSIGNED NOT NULL AUTO_INCREMENT, AUTO_INCREMENT=6;

--
-- AUTO_INCREMENT for table `failed_jobs`
--
ALTER TABLE `failed_jobs`
  MODIFY `id` bigint UNSIGNED NOT NULL AUTO_INCREMENT;

--
-- AUTO_INCREMENT for table `jobs`
--
ALTER TABLE `jobs`
  MODIFY `id` bigint UNSIGNED NOT NULL AUTO_INCREMENT;

--
-- AUTO_INCREMENT for table `migrations`
--
ALTER TABLE `migrations`
  MODIFY `id` int UNSIGNED NOT NULL AUTO_INCREMENT, AUTO_INCREMENT=29;

--
-- AUTO_INCREMENT for table `personal_access_tokens`
--
ALTER TABLE `personal_access_tokens`
  MODIFY `id` bigint UNSIGNED NOT NULL AUTO_INCREMENT, AUTO_INCREMENT=16;

--
-- AUTO_INCREMENT for table `projects`
--
ALTER TABLE `projects`
  MODIFY `id` bigint UNSIGNED NOT NULL AUTO_INCREMENT, AUTO_INCREMENT=2;

--
-- AUTO_INCREMENT for table `users`
--
ALTER TABLE `users`
  MODIFY `id` bigint UNSIGNED NOT NULL AUTO_INCREMENT, AUTO_INCREMENT=3;

--
-- AUTO_INCREMENT for table `yearly_salary_records`
--
ALTER TABLE `yearly_salary_records`
  MODIFY `id` bigint UNSIGNED NOT NULL AUTO_INCREMENT, AUTO_INCREMENT=35;

--
-- Constraints for dumped tables
--

--
-- Constraints for table `attendance_records`
--
ALTER TABLE `attendance_records`
  ADD CONSTRAINT `attendance_records_employee_profile_id_foreign` FOREIGN KEY (`employee_profile_id`) REFERENCES `employee_profiles` (`id`) ON DELETE CASCADE;

--
-- Constraints for table `date_range_salary_records`
--
ALTER TABLE `date_range_salary_records`
  ADD CONSTRAINT `date_range_salary_records_employee_profile_id_foreign` FOREIGN KEY (`employee_profile_id`) REFERENCES `employee_profiles` (`id`) ON DELETE CASCADE;

--
-- Constraints for table `yearly_salary_records`
--
ALTER TABLE `yearly_salary_records`
  ADD CONSTRAINT `yearly_salary_records_employee_profile_id_foreign` FOREIGN KEY (`employee_profile_id`) REFERENCES `employee_profiles` (`id`) ON DELETE CASCADE;
COMMIT;

/*!40101 SET CHARACTER_SET_CLIENT=@OLD_CHARACTER_SET_CLIENT */;
/*!40101 SET CHARACTER_SET_RESULTS=@OLD_CHARACTER_SET_RESULTS */;
/*!40101 SET COLLATION_CONNECTION=@OLD_COLLATION_CONNECTION */;
